A1,A2,A3,B1,B2,B3,origin,name
NYSPAY,IRENEKE,APDHKAAGNKLT,LGHNA,YNFKEQ,ASSQDLGGYNEQF,Negative Control 11,background_13314
NIATNDY,GYKTK,LVFSGGYNKLI,MNHNS,SASEGT,ASSEVGHSYEQY,Negative Control 5,background_3549
YGGTVN,YFSGDPLV,AVNGAGGYQKVT,MNHEY,SVGAGI,ASSSTGLADPTDTQY,Negative Control 12,background_15544
DSVNN,IPSGT,AVVVQYALN,SQVTM,ANQGSEA,SGAGPEGYEQY,Negative Control 10,background_12262
TSGFYG,NALDGL,AVRVHRDDKII,SGHAT,FQNNGV,ASSAGTGGVEQF,Negative Control 10,background_12463
TSENNYY,QEAYKQQN,ASPNFGNEKLT,LNHDA,SQIVND,ASSIGEYYEQY,Negative Control 1,background_162
NYSPAY,IRENEKE,ALPFELDSNYQLI,MDHEN,SYDVKM,ASSLSARGQY,Negative Control 12,background_15606
TRDTTYY,RNSFDEQN,ALSDLMDTGRRALT,SGDLS,YYNGEE,ASSRGLPQEPGGYT,Negative Control 4,background_2873
TSINN,IRSNERE,ATLSWGKLQ,LGHNA,YSLEER,ASSQETGTGGEKLF,Negative Control 1,background_296
SSNFYA,MTLNGDE,AFKSYTGNQFY,MNHNS,SASEGT,ASSEYEGGIHEQY,Negative Control 6,background_5929
VTNFRS,LTSSGIE,AVDREYGNKLV,KGHSH,LQKENI,ASSFGQGHQPQH,Negative Control 3,background_1532
DSASNY,IRSNVGE,ADILTGGGNKLT,LGHDT,YNNKEL,ASSPSASPIYEQY,Negative Control 8,background_10276
TSINN,IRSNERE,ATSDRDDKII,MNHEY,SMNVEV,ASSWAGVGGELF,Negative Control 1,background_574
DRGSQS,IYSNGD,AVKPNSGYALN,DFQATT,SNEGSKA,SARDINGEPGQY,Negative Control 1,background_114
YGATPY,YFSGDTLV,AVGAVTQAGTALI,SEHNR,FQNEAQ,ASRGNDGTNSPLH,Negative Control 8,background_10161
TISGNEY,GLKNN,IVRGGYGGSQGNLI,LNHNV,YYDKDF,ATSRLEGTIY,Negative Control 10,background_12256
YGGTVN,YFSGDPLV,AVNPAGSARQLT,SGHDN,FVKESK,ASSQEGGWTEAF,Negative Control 4,background_3289
TRDTTYY,RNSFDEQN,ALSEAEGQGGSEKLV,ENHRY,SYGVKD,AISAGTSDQETQY,Negative Control 8,background_8746
DSASNY,IRSNVGE,AARQISNFGNEKLT,LNHDA,SQIVND,ASTPWRDRDGNEQF,Negative Control 7,background_7630
TSGFYG,NALDGL,AVRDRRDSNYQLI,MNHEY,SVGAGI,ASRETGLHYGYT,Negative Control 7,background_7188
TSESDYY,QEAYKQQN,ALASGGSNYKLT,SQVTM,ANQGSEA,SVEDPGTAQETQY,Negative Control 2,background_945
NSASQS,VYSSG,VVNKSANNLF,MGHRA,YSYEKL,ASSQTGQGSQPQH,Negative Control 12,background_14971
SSYSPS,YTSAATLV,VVSRGGQKLL,SEHNR,FQNEAQ,ASSSGLAGRAVHQETQY,Negative Control 1,background_177
TSDPSYG,QGSYDQQN,AMREFAANQAGTALI,SGHVS,FQNEAQ,ASSPHGLNSPLH,Negative Control 10,background_12882
NSMFDY,ISSIKDK,AASETGYSTLT,SGHDT,YYEEEE,ASSLASSRGYYGYT,Negative Control 3,background_2055
VSGLRG,LYSAGEE,AVQDQVRTSYDKVI,SGHVS,FNYEAQ,ASSLARDNSYEQY,Negative Control 10,background_13108
VGISA,LSSGK,AVDMDSNYQLI,SNHLY,FYNNEI,ASSGRQVYGYT,Negative Control 4,background_3428
SSVSVY,YLSGSTLV,AVANAGGTSYGKLT,KGHDR,SFDVKD,ATSDSWGRDGYNEQF,Negative Control 11,background_14506
TSESDYY,QEAYKQQN,AYRTHPSNFGNEKLT,MNHEY,SVGAGI,ASSYSLPTPMNTEAF,Negative Control 5,background_3703
DRGSQS,IYSNGD,ALSGSQGNLI,SNHLY,FYNNEI,ASSELDRNIQY,Negative Control 4,background_2595
NTAFDY,IRPDVSE,AASMPSYNQGGKLI,ENHRY,SYGVKD,AISEPYGGPTGELF,Negative Control 10,background_13221
NSASQS,VYSSG,VVNGRDSSYKLI,SQVTM,ANQGSEA,SYRGLNTGELF,Negative Control 7,background_7031
SSYSPS,YTSAATLV,VVSAGGNKLV,GTSNPN,SVGIG,ARLRTGGNYGYT,Negative Control 2,background_892
SVFSS,VVTGGEV,VIDAGNNRKLI,MNHEY,SVGAGI,ASSPGQGRYEQY,Negative Control 11,background_13525
VSPFSN,MTFSENT,VVKGAGSYQLT,SGHDY,FNNNVP,ASSGDRAIAGAF,Negative Control 5,background_4962
TTLSN,LVKSGEV,AGLQTGANNLF,MNHEY,SMNVEV,ASSLSDARTGEQY,Negative Control 10,background_12024
DSAIYN,IQSSQRE,AVYGDSWGKLQ,GTSNPN,SVGIG,AWEGADEQF,Negative Control 8,background_10273
DRGSQS,IYSNGD,AVNTFRTGNQFY,GTSNPN,SVGIG,AWSVQATALLTYEQY,Negative Control 7,background_6652
SSNFYA,MTLNGDE,ASLGLTGGGNKLT,SGHVS,FNYEAQ,ASREGLAGVVETQY,Negative Control 7,background_7699
TSDPSYG,QGSYDQQN,AMREGGSGGYNKLI,SNHLY,FYNNEI,ASSEAEYDGPYGYT,Negative Control 10,background_12668
SSYSPS,YTSAATLV,VGPDNYGQNFV,SGHDT,YYEEEE,ASSLGIEGLGYGYT,Negative Control 10,background_12300
TSDPSYG,QGSYDQQN,AMRRTGGGNKLT,LNHDA,SQIVND,ASSIRVRTGGDEQY,Negative Control 8,background_9355
YSGSPE,HISR,ALSDRRNSGYALN,SGDLS,YYNGEE,ASSGGVGEQY,Negative Control 8,background_10223
DRGSQS,IYSNGD,AAEGDRGSTLGRLY,DFQATT,SNEGSKA,SASRSGLVALNEAF,Negative Control 4,background_3305
DRGSQS,IYSNGD,AVNPYSSASKII,SGDLS,YYNGEE,ASSPPGSGGTQY,Negative Control 5,background_4832
NSASQS,VYSSG,VVNKAGGYNKLI,DFQATT,SNEGSKA,SAREVGSAKNIQY,Negative Control 5,background_4925
VTNFRS,LTSSGIE,AVAGNYGQNFV,GTSNPN,SVGIG,AWSVGYQETQY,Negative Control 8,background_9798
TTSDR,LLSNGAV,AVDDAGGTSYGKLT,SGHDY,FNNNVP,ASSRRAYRTGELF,Negative Control 9,background_11646
TSGFNG,NVLDGL,AVTGAAGNKLT,GTSNPN,SVGIG,AWRKGTGGTNEKLF,Negative Control 5,background_3572
TISGTDY,GLTSN,ILSRPFYGGATNKLI,SGHVS,FQNEAQ,ASSPRGSYGYT,Negative Control 6,background_5176
TSENNYY,QEAYKQQN,AFMNGFGNVLH,GTSNPN,SVGIG,AWSVGQGNQNEQY,Negative Control 2,background_1502
VTNFRS,LTSSGIE,AVETYSGAGSYQLT,LGHNA,YNFKEQ,ASSREIIVAEAF,Negative Control 5,background_3613
NSASQS,VYSSG,VVSLGGSYIPT,MGHDK,SYGVNS,ASSESLDSWNTEAF,Negative Control 1,background_524
DRGSQS,IYSNGD,AAGDPKAAGNKLT,DFQATT,SNEGSKA,RTGDGYGYT,Negative Control 12,background_15393
TSENNYY,QEAYKQQN,AFAYQGGSEKLV,MNHEY,SMNVEV,ASSWGLAGVGDIQY,Negative Control 9,background_11350
KALYS,LLKGGEQ,GTSYNFNKFY,MNHEY,SMNVEV,ASKLQGAGDISNQPQH,Negative Control 2,background_1024
NSMFDY,ISSIKDK,AATHFTGNQFY,SGHNT,YENEEA,ASSSPIGGTPYNEQF,Negative Control 4,background_2297
TSDPSYG,QGSYDQQN,AMRATGTASKLT,PRHDT,FYEKMQ,ASSTRLAGYFSDTQY,Negative Control 7,background_6808
YSGSPE,HISR,APHYGGSQGNLI,SEHNR,FQNEAQ,ASSSFRDRGGDEQF,Negative Control 4,background_3141
KTLYG,LQKGGEE,GASPQGGSEKLV,GTSNPN,SVGIG,AWSPGTFGVGELF,Negative Control 1,background_371
SSVSVY,YLSGSTLV,AVSEGNTDKLI,SEHNR,FQNEAQ,ASGEGDTEAF,Negative Control 4,background_2154
SSVSVY,YLSGSTLV,AVSDRTSNTGKLI,MRHNA,SNTAGT,ASSDGTGLGGNEQF,Negative Control 7,background_6552
TRDTTYY,RNSFDEQN,ALSEEETSYDKVI,MDHEN,SYDVKM,ASSLIIGADNSPLH,Negative Control 8,background_10112
NSASQS,VYSSG,VVKVGSGGYQKVT,SGHAT,FQNNGV,ASSALGTPSYEQY,Negative Control 9,background_10854
DRGSQS,IYSNGD,AVSGSARQLT,SGHAT,FQNNGV,ASSLGTRGYTDTQY,Negative Control 3,background_1825
NSASQS,VYSSG,VVNIANQAGTALI,GTSNPN,SVGIG,AALGDGYGYT,Negative Control 11,background_14730
NSAFQY,TYSSGN,AMSWGRSNYKLT,SGHAT,FQNNGV,ASSLGSQINEQF,Negative Control 2,background_1367
NYSPAY,IRENEKE,ALPIWNQFY,MNHEY,SVGAGI,ASSGGTGANQPQH,Negative Control 9,background_11196
NSASDY,IRSNMDK,AENQGGGGNKLT,MGHRA,YSYEKL,ASSQDRNTDTQY,Negative Control 5,background_4019
TSESDYY,QEAYKQQN,AYRSAFGLDQTGANNLF,ENHRY,SYGVKD,AISESSQSGELF,Negative Control 7,background_7082
TSINN,IRSNERE,ATLFSGGYNKLI,MNHEY,SMNVEV,ASGWDPHNEQF,Negative Control 6,background_6080
VTNFRS,LTSSGIE,AVEAVSNDYKLS,SGHTA,FQGNSA,ASSLRRGRYQETQY,Negative Control 11,background_13556
TSINN,IRSNERE,ATPNGGNMLT,SGHVS,FQNEAQ,ASSFPREEKEANYGYT,Negative Control 1,background_75
YGATPY,YFSGDTLV,AVGEPRGAARQLT,LGHNA,YNFKEQ,ASSFGTTTDTQY,Negative Control 11,background_14484
TSGFYG,NALDGL,AGVRVSGNTPLV,DFQATT,SNEGSKA,SARPVPSDTEAF,Negative Control 6,background_6324
TSGFNG,NVLDGL,AVRDHSSWGKLQ,SGHDN,FVKESK,ASSPPDGANYGYT,Negative Control 2,background_934
VGISA,LSSGK,GCHMNRDDKII,SNHLY,FYNNEI,ASRDRGPYGYT,Negative Control 1,background_504
TSGFNG,NVLDGL,AVRGDSNYQLI,SGHDY,FNNNVP,AIREKGTEAF,Negative Control 5,background_4986
SSYSPS,YTSAATLV,VVSFRGAGNKLT,SGHVS,FNYEAQ,ASSSSTGVETEAF,Negative Control 10,background_12021
TRDTTYY,RNSFDEQN,ALGPPWGSQGNLI,PRHDT,FYEKMQ,ASSLETTYEQY,Negative Control 6,background_6026
TRDTTYY,RNSFDEQN,ALRSRDDKII,SGHRS,YFSETQ,ASSSWGQPSSYEQY,Negative Control 3,background_1949
TISGTDY,GLTSN,ILRIYNQGGKLI,MNHEY,SMNVEV,ASTLGGSSDTQY,Negative Control 8,background_8717
DSASNY,IRSNVGE,AANVLSGANSKLT,SNHLY,FYNNEI,ASSEAGGRQPQH,Negative Control 5,background_3962
TSESDYY,QEAYKQQN,AYKYAGKST,DFQATT,SNEGSKA,SARGVPSGVVNEQF,Negative Control 6,background_5367
KTLYG,LQKGGEE,GADGNNDMR,GTSNPN,SVGIG,AWARTASMMKLF,Negative Control 3,background_1801
TSINN,IRSNERE,ATDGGGADGLT,MNHEY,SVGAGI,ASSSSPGREQF,Negative Control 1,background_317
VSPFSN,MTFSENT,VVSDTGGFKTI,SGDLS,YYNGEE,ASSPVGGTDTQY,Negative Control 3,background_1700
YGGTVN,YFSGDPLV,AVNAGADGLT,SGHRS,YFSETQ,ASSLYAGTHPGETQY,Negative Control 1,background_451
SIFNT,LYKAGEL,AGQLIQGGSEKLV,DFQATT,SNEGSKA,SARLGFEQY,Negative Control 6,background_5437
VSGNPY,YITGDNLV,AVFDRGSTLGRLY,GTSNPN,SVGIG,AWTDLYNEQF,Negative Control 8,background_8761
YGGTVN,YFSGDPLV,AVDPAETDKLI,SGHDT,YYEEEE,ASSLVGDYEQY,Negative Control 4,background_2716
NSMFDY,ISSIKDK,AGRAGANSKLT,SGHTA,FQGNSA,ASSLGRSTEAF,Negative Control 4,background_2415
TSDPSYG,QGSYDQQN,AMRESEGLTGGGNKLT,LGHNA,YNFKEQ,ASSQGSRNIHYEQY,Negative Control 4,background_3196
VSGNPY,YITGDNLV,AVRGGYQKVT,MNHEY,SVGEGT,ATQDGSYEQY,Negative Control 6,background_5915
DSASNY,IRSNVGE,AASYTGGGNKLT,SGDLS,YYNGEE,ASSDALAGQETQY,Negative Control 9,background_11050
TSDPSYG,QGSYDQQN,AMREGRFY,ENHRY,SYGVKD,AISEPGLAGAAYNEQF,Negative Control 4,background_3476
TSGFNG,NVLDGL,AVRGGNARLM,KGHDR,SFDVKD,ATSDPGTGLGETQY,Negative Control 10,background_12270
SSYSPS,YTSAATLV,VVSESNDYKLS,MNHEY,SVGAGI,ASRDYSPGELF,Negative Control 1,background_135
NSASQS,VYSSG,VVSLWNTGFQKLV,MNHEY,SMNVEV,ASSLSAGARIYGYT,Negative Control 12,background_15912
NSAFQY,TYSSGN,AMDMDSSYKLI,MDHEN,SYDVKM,ASTLAGDSYEQY,Negative Control 8,background_9265
TSDPSYG,QGSYDQQN,AMSVYGNKLV,LGHNA,YSLEER,ASSQETARDLAGGTETQY,Negative Control 4,background_2499
TSESDYY,QEAYKQQN,AYRYDNNARLM,SGHAT,FQNNGV,ASSSSGMTSGEQY,Negative Control 9,background_10895
TRDTTYY,RNSFDEQN,ALSERGSGGSNYKLT,SNHLY,FYNNEI,ASREQGGNSPLH,Negative Control 4,background_2141
SIFNT,LYKAGEL,AGSPMNRDDKII,WSHSY,SAAADI,ASRAAGLSYEQY,Negative Control 2,background_687
DSAIYN,IQSSQRE,AVRPAGYGGATNKLI,MGHRA,YSYEKL,ASSLGGQGHYGYT,Negative Control 12,background_15816
VSNAYN,GSKP,AVEDNYGQNFV,MGHRA,YSYEKL,ASSQVENSVDYEQY,Negative Control 8,background_9674
NSASQS,VYSSG,VVYNGNYQLI,SNHLY,FYNNEI,ASLAGAID,Negative Control 5,background_3933
SSVSVY,YLSGSTLV,AVSWVLSSGSARQLT,SGHAT,FQDESV,ASSLAYSSGAHQY,Negative Control 7,background_8360
SVFSS,VVTGGEV,AGEEQNTGNQFY,MNHNS,SASEGT,ASSGDSGSGETQY,Negative Control 2,background_882
TTLSN,LVKSGEV,AASSSNDYKLS,LNHDA,SQIVND,ASSSGMENTEAF,Negative Control 8,background_9201
SSNFYA,MTLNGDE,ALLTLDSWGKLQ,MDHEN,SYDVKM,ASSSTPGTGNSNQPQH,Negative Control 9,background_11626
DSAIYN,IQSSQRE,AVRSDQAGTALI,SGHVS,FQNEAQ,ASKTHEGVSNEQF,Negative Control 7,background_8090
SSYSPS,YTSAATLV,VVRGSFSGTYKYI,DFQATT,SNEGSKA,SASSTGNTEAF,Negative Control 8,background_10626
VSGNPY,YITGDNLV,AVSTGGFKTI,MNHEY,SMNVEV,ASSFQSGHADTQY,Negative Control 4,background_3173
DSASNY,IRSNVGE,AAFGGYNKLI,SNHLY,FYNNEI,ASRLPIPGQGVTEAF,Negative Control 11,background_13697
DSVNN,IPSGT,ADLNNNAGNMLT,MGHRA,YSYEKL,ASSPTQGPDTGELF,Negative Control 9,background_11027
NSASQS,VYSSG,VVVTVQGGKLI,SGHDY,FNNNVP,ASSFLSDNTGELF,Negative Control 3,background_1929
YGGTVN,YFSGDPLV,AVASGGYQKVT,SEHNR,FQNEAQ,ASGEQGRPYEQY,Negative Control 7,background_8456
VGISA,LSSGK,AVPFYGGSQGNLI,MDHEN,SYDVKM,ASSLGGGDWDEKLF,Negative Control 1,background_73
NIATNDY,GYKTK,LLYSSASKII,DFQATT,SNEGSKA,SAELVAGPSTDTQY,Negative Control 5,background_3606
NSAFQY,TYSSGN,AMSTDSWGKLQ,SNHLY,FYNNEI,ASSPIGAYEQY,Negative Control 2,background_1426
DSAIYN,IQSSQRE,AASYNNNDMR,KGHDR,SFDVKD,ATNSGAGANVLT,Negative Control 10,background_11892
TSDPSYG,QGSYDQQN,AMSYSGGYQKVT,MNHEY,SMNVEV,ASSFRTSVSGELF,Negative Control 6,background_5378
SIFNT,LYKAGEL,AGKPTGNQFY,GTSNPN,SVGIG,AWSYGGYTEAF,Negative Control 1,background_615
NIATNDY,GYKTK,LVGDGDTGRRALT,KGHDR,SFDVKD,ATSDLYGYT,Negative Control 5,background_4912
SVFSS,VVTGGEV,AGGTGTGANNLF,SGHTA,FQGTGA,ASSPSGSGRETQY,Negative Control 8,background_10564
VSGLRG,LYSAGEE,AVHLRRGAGSYQLT,SEHNR,FQNEAQ,ASGGQGADVNGYT,Negative Control 5,background_4932
TSGFYG,NALDGL,AVVPFLYNQGGKLI,SNHLY,FYNNEI,AIADTGEETQY,Negative Control 7,background_6647
TSESDYY,QEAYKQQN,ARGGSNYKLT,LNHDA,SQIVND,ASKGRFDQPQH,Negative Control 3,background_2046
TTLSN,LVKSGEV,AGPSNSNSGYALN,SGHDT,YYEEEE,ASSEGIRGRGTEAF,Negative Control 12,background_15518
DSAIYN,IQSSQRE,AVLWEGGSEKLV,SGDLS,YYNGEE,ASSVGASGRKQF,Negative Control 4,background_2656
DSAIYN,IQSSQRE,AERNTGGFKTI,WSHSY,SAAADI,ASSEWSTENTEAF,Negative Control 8,background_10196
TSGFNG,NVLDGL,AVRERDSSYKLI,LNHNV,YYDKDF,ATSRGQGRTGELF,Negative Control 6,background_5477
SVFSS,VVTGGEV,AGRDSGYALN,SGDLS,YYNGEE,ASSVGGFSDGELF,Negative Control 5,background_3518
YGATPY,YFSGDTLV,AVAEERGYNKLI,SEHNR,FQNEAQ,ASSTGQSARQF,Negative Control 8,background_9126
TRDTTYY,RNSFDEQN,ALSEMGTSYDKVI,SEHNR,FQNEAQ,ASRFRQGNEAF,Negative Control 11,background_13773
ATGYPS,ATKADDK,ALSDLAFAAGNQFY,MDHEN,SYDVKM,ASSQGTRQAYNSPLH,Negative Control 10,background_13025
TSESDYY,QEAYKQQN,AYEGSGYGGSQGNLI,MNHEY,SMNVEV,ASSPNRRGYT,Negative Control 3,background_1647
TSDPSYG,QGSYDQQN,AMREPGKLI,SGHAT,FQDESV,ASSLAGLSGGPHEQY,Negative Control 2,background_639
SSYSPS,YTSAATLV,VVTSSGGYNKLI,KGHSY,FQNENV,ASSQTEESDQPQH,Negative Control 5,background_3678
TSESDYY,QEAYKQQN,AYVKVQGMYSGGGADGLT,SGDLS,YYNGEE,ASSVDGTSRETQY,Negative Control 8,background_9183
TSDPSYG,QGSYDQQN,AMYSGGGADGLT,MNHEY,SMNVEV,ASGTTAYNSPLH,Negative Control 6,background_6121
TISGNEY,GLKNN,IVLLYSNYQLI,LNHDA,SQIVND,ASTLRWGKAGELF,Negative Control 2,background_679
DSAIYN,IQSSQRE,AVSREDTGRRALT,MNHEY,SVGEGT,ASRRPPEGNNQPQH,Negative Control 10,background_12336
VSPFSN,MTFSENT,VVRGSYIPT,SGHDY,FNNNVP,ASSLLAISTDTQY,Negative Control 12,background_15119
SIFNT,LYKAGEL,AGPSPTGNTPLV,SQVTM,ANQGSEA,SVVRLTGELF,Negative Control 8,background_10001
SSVPPY,YTSAATLV,AVGEGGGADGLT,SGHTA,FQGNSA,ASSLGLNTGELF,Negative Control 6,background_5341
KTLYG,LQKGGEE,GADITNDYKLS,MDHEN,SYDVKM,ASSYRGRTEAF,Negative Control 5,background_3860
DSVNN,IPSGT,AVYNNNDMR,MNHNY,SVGAGI,ASSYIGDSGNTIY,Negative Control 5,background_4943
TSESDYY,QEAYKQQN,AYFSGGTSYGKLT,SGHRS,YFSETQ,ASRPPSLNYGYT,Negative Control 5,background_4512
TRDTTYY,RNSFDEQN,ALSDDSWGKLQ,DFQATT,SNEGSKA,SAPISGRNSEQY,Negative Control 1,background_337
ATGYPS,ATKADDK,ALSMNSGYSTLT,SGHAT,FQNNGV,ASSVMGRVADGYT,Negative Control 3,background_2030
TSESDYY,QEAYKQQN,AYRSLISDGQKLL,SGHRS,YFSETQ,ASSLRTRLAGGPHNEQF,Negative Control 8,background_10496
NSASDY,IRSNMDK,AEGSWGKLQ,DFQATT,SNEGSKA,SARDDGSAGVHYGYT,Negative Control 1,background_470
TSDPSYG,QGSYDQQN,AMRGSGNTPLV,LNHDA,SQIVND,ASSIRDYPTGANVLT,Negative Control 4,background_3040
NSASDY,IRSNMDK,AETLIQGAQKLV,SNHLY,FYNNEI,ASGGSGYEEQY,Negative Control 6,background_5600
TSESDYY,QEAYKQQN,AYRSSSGVTGGGNKLT,LNHDA,SQIVND,ASSILLSNQPQH,Negative Control 5,background_5073
TRDTTYY,RNSFDEQN,ALLGGADGLT,MNHEY,SMNVEV,ASSFGGVLASEAF,Negative Control 11,background_13359
TSESDYY,QEAYKQQN,ALFSPSNSGYALN,SGHDN,FVKESK,ASSQGSYEQY,Negative Control 2,background_724
TSESDYY,QEAYKQQN,AYRSSILTGGGNKLT,SGHDT,YYEEEE,ASSSGAGVEQY,Negative Control 7,background_6706
VSPFSN,MTFSENT,VLYTGNQFY,DFQATT,SNEGSKA,SARPWPQGVNSPLH,Negative Control 12,background_15306
DSAIYN,IQSSQRE,AVNYGQNFV,SQVTM,ANQGSEA,SVEVPFQGMNTEAF,Negative Control 2,background_1477
SVFSS,VVTGGEV,AGPDPNTPLV,PRHDT,FYEKMQ,ASQPAGSYEQY,Negative Control 12,background_15855
TSGFYG,NALDGL,AVSPNNARLM,LGHNT,FRNRAP,ASGDDDPRASNGANVLT,Negative Control 8,background_9020
NSMFDY,ISSIKDK,AASLSGGYQKVT,LNHDA,SQIVND,ASTPDGPRWPQH,Negative Control 7,background_8291
NIATNDY,GYKTK,LVGLPIYNQGGKLI,SGHDT,YYEEEE,ASSLVRRELNTEAF,Negative Control 5,background_5017
TRDTTYY,RNSFDEQN,ALSRDRGSTLGRLY,SNHLY,FYNNEI,ASSEPAGVLNEQF,Negative Control 1,background_372
TRDTTYY,RNSFDEQN,ALILGDNYGQNFV,SGDLS,YYNGEE,ASSVDGQGVAGYT,Negative Control 6,background_5515
DSVNN,IPSGT,AGNGMEYGNKLV,SGHVS,FQNEAQ,ASSWRSRGGPETQY,Negative Control 6,background_5856
TRDTTYY,RNSFDEQN,ALSADSGGYQKVT,MNHEY,SVGEGT,ASKWAWGNEQF,Negative Control 1,background_381
SVFSS,VVTGGEV,AGARDYKLS,SGDLS,YYNGEE,ASSVEGLAGGPDTQY,Negative Control 4,background_2772
ATGYPS,ATKADDK,ALRGGSQGNLI,SNHLY,FYNNEI,ASRPPTREPYEQY,Negative Control 1,background_590
TTLSN,LVKSGEV,AGRKSQGGSEKLV,SGHDY,FNNNVP,ASSLLALGDSPLH,Negative Control 2,background_698
TSGFNG,NVLDGL,VPSDNYGQNFV,SGDLS,YYNGEE,ASSVTSGSTGELF,Negative Control 8,background_8921
YGGTVN,YFSGDPLV,AVIDYKLS,MNHEY,SVGAGI,ASRIDSHPDAGSPLH,Negative Control 5,background_3547
DRGSQS,IYSNGD,APDTGGFKTI,GTSNPN,SVGIG,ASPSGSSYNEQF,Negative Control 2,background_667
YGATPY,YFSGDTLV,AGANQGGKLI,SGHRS,YFSETQ,ASSLAEAYGYT,Negative Control 5,background_4425
TSESDYY,QEAYKQQN,AYRRRISGTASKLT,SEHNR,FQNEAQ,ASSWTSYLGGTDTQY,Negative Control 8,background_10005
DRGSQS,IYSNGD,AVNIYLSNAGGTSYGKLT,ENHRY,SYGVKD,AISEFGQNYGYT,Negative Control 4,background_2681
NSMFDY,ISSIKDK,AATGYQGGKLI,MDHEN,SYDVKM,ASNSYLGENYGYT,Negative Control 11,background_14805
VTNFRS,LTSSGIE,AVEPLTPSQGGSEKLV,MNHEY,SVGEGT,ASREQGYYEQY,Negative Control 7,background_7514
NTAFDY,IRPDVSE,AASNDGGSQGNLI,SEHNR,FQNEAQ,ASSPGGSWLNEQF,Negative Control 7,background_7162
DSSSTY,IFSNMDM,AESMYAGNMLT,SQVTM,ANQGSEA,SGVGGHKHGANVLT,Negative Control 9,background_11616
TISGTDY,GLTSN,ILSTGTASKLT,DFQATT,SNEGSKA,SARDPEGAIQETQY,Negative Control 9,background_11199
DSSSTY,IFSNMDM,AETGGGATNKLI,MNHEY,SMNVEV,ATRGEHTEAF,Negative Control 1,background_200
SSVPPY,YTSAATLV,AVITSLKAAGNKLT,LNHDA,SQIVND,ASSILYLEGDYGYT,Negative Control 6,background_5472
YGATPY,YFSGDTLV,AVGIPLADMR,MDHEN,SYDVKM,ASSSDPGQGFTEAF,Negative Control 10,background_12821
TSINN,IRSNERE,ATDGGSNYKLT,SQVTM,ANQGSEA,SAMDGEGYEQY,Negative Control 6,background_6272
VSGLRG,LYSAGEE,AVLLWGSGGYQKVT,LNHDA,SQIVND,ASSIAASGGGTGELF,Negative Control 11,background_13585
DRGSQS,IYSNGD,AVTLMKTSYDKVI,SEHNR,FQNEAQ,ASSPAILAFPYEQY,Negative Control 4,background_3224
KALYS,LLKGGEQ,GTQEDNYGQNFV,MNHEY,SVGAGI,ASSYSMIGPGQTDTQY,Negative Control 6,background_6351
NSMFDY,ISSIKDK,AASATIAQKLV,SGHAT,FQNNGV,ASSLSLSGLILTDTQY,Negative Control 10,background_13244
TSINN,IRSNERE,ATVPDSNYQLI,GTSNPN,SVGIG,AWSFGTTNTGELF,Negative Control 2,background_962
SSVSVY,YLSGSTLV,AVSFCNDYKLS,SEHNR,FQNEAQ,ASSPHRDPRCAF,Negative Control 11,background_13925
TSGFNG,NVLDGL,AVRRSWRMDSNYQLI,SGDLS,YYNGEE,ASSVGGGSGNTIY,Negative Control 6,background_5093
NTAFDY,IRPDVSE,AAQWGSGGSNYKLT,SGHNS,FNNNVP,ASRLGAYEQY,Negative Control 5,background_4661
NSASQS,VYSSG,VGGGFSGGYNKLI,DFQATT,SNEGSKA,SARAVRVDNEKLF,Negative Control 10,background_12747
TSGFNG,NVLDGL,AVSLATGKST,SGHDY,FNNNVP,ASTLWGDGYNEQF,Negative Control 10,background_12417
VTNFRS,LTSSGIE,AVWLGDARLM,MNHEY,SVGAGI,AALGGLNYGYT,Negative Control 8,background_10467
SSVPPY,YTSAATLV,AVSHLKTSYDKVI,SEHNR,FQNEAQ,ASSFPPLSGTGYGGYT,Negative Control 3,background_1885
VSGLRG,LYSAGEE,AVQADRGSTLGRLY,MGHRA,YSYEKL,ASSQEIAGVPGEQY,Negative Control 11,background_14656
NIATNDY,GYKTK,SLKGFKTI,MNHEY,SVGAGI,ASSYVFRDSPNTPNTEAF,Negative Control 6,background_6153
NSMFDY,ISSIKDK,AARAGGGNYKLT,SGHNT,YYREEE,ASIDSGNTGELF,Negative Control 3,background_1724
VSGNPY,YITGDNLV,AVRDMESGNEKLT,SGHRS,YFSETQ,ASSFGQGVADTQY,Negative Control 5,background_4278
TISGTDY,GLTSN,IPLRAVG,KGHDR,SFDVKD,ATSDSSDGNYGYT,Negative Control 9,background_11191
TRDTTYY,RNSFDEQN,ALSDLTSGTYKYI,SGHNT,YYREEE,ASSLQLQGATVTDTQY,Negative Control 11,background_13620
SSVPPY,YTSAATLV,AVISASKII,SGHAT,FQNNGV,ASSLDGGGGFDGYT,Negative Control 6,background_5972
VGISA,LSSGK,AVRSEGGSQGNLI,KGHDR,SFDVKD,ATSEGSGTEAF,Negative Control 5,background_4098
YSGSPE,HISR,ALKGSGAGSYQLT,SGDLS,YYNGEE,ASSVSSGRGGETQY,Negative Control 8,background_9740
TSESDYY,QEAYKQQN,AHRLFGNEKLT,LGHNA,YNFKEQ,ASSQWTPRSGNTIY,Negative Control 7,background_8582
VGISA,LSSGK,GGYGGSQGNLI,MNHEY,SMNVEV,ASSFRLYNEQF,Negative Control 9,background_11117
NSMFDY,ISSIKDK,AARVEETSGSRLT,MGHRA,YSYEKL,ASSPTLWGSPEAF,Negative Control 4,background_3474
SSVPPY,YTSAATLV,AVSPYNQGGKLI,SGHNT,YYREEE,ASSLTDAPGNTIY,Negative Control 3,background_1869
YGGTVN,YFSGDPLV,AGRNNNDMR,SGHDN,FVKESK,ASSQVGGPDTQY,Negative Control 1,background_389
NSASQS,VYSSG,VVPRNRDDKII,MNHEY,SVGAGI,ASSYRTHNSGNTIY,Negative Control 8,background_10181
TISGNEY,GLKNN,IVPVSGSARQLT,PRHDT,FYEKMQ,ASSPTGGQGAAYEQY,Negative Control 4,background_2971
VTNFRS,LTSSGIE,AVPAGIQGAQKLV,PRHDT,FYEKMQ,ASSLAFGQPQH,Negative Control 5,background_4757
DSASNY,IRSNVGE,AARTLNTGFQKLV,SEHNR,FQNEAQ,ASSSSGAGRETQY,Negative Control 4,background_3220
YGGTVN,YFSGDPLV,AVIRFGNEKLT,SGHAT,FQNNGV,ASSLDPGMRLGGHGYT,Negative Control 9,background_11507
NSAFQY,TYSSGN,AMSAWGSQGNLI,MNHEY,SVGEGT,ASSAEGYT,Negative Control 5,background_3954
TTLSN,LVKSGEV,AGPISSGSARQLT,SNHLY,FYNNEI,ASSRVGRDVRGYT,Negative Control 7,background_7012
DSAIYN,IQSSQRE,AAYNQGGKLI,DFQATT,SNEGSKA,SARDNGQGARYGYT,Negative Control 11,background_13956
KALYS,LLKGGEQ,GTKGDTPLV,MNHEY,SVGEGT,ASSPTGDGQPQH,Negative Control 8,background_10367
TSESDYY,QEAYKQQN,AFIQGAQKLV,LGHNA,YSLEER,ASSPGAGLAPGEQQF,Negative Control 2,background_1017
TSINN,IRSNERE,ATHRNNNARLM,MNHEY,SVGAGI,ASSYGTADGYT,Negative Control 5,background_5054
DSASNY,IRSNVGE,AATGEYSGGGADGLT,MDHEN,SYDVKM,ASSSSSGRAPYNEQF,Negative Control 2,background_1174
NSMFDY,ISSIKDK,AAGYSGTYKYI,LGHNA,YSLEER,ASSQDSGGAVSYNEQF,Negative Control 2,background_628
VSGLRG,LYSAGEE,AVGNGGSQGNLI,DFQATT,SNEGSKA,SARGWGRVAHNEQF,Negative Control 4,background_2111
NSMFDY,ISSIKDK,AASDDNYGQNFV,MNHEY,SVGEGT,ASSYFPQGDFNGYT,Negative Control 9,background_11400
NSASQS,VYSSG,VVSWGSQGNLI,SGDLS,YYNGEE,ASSISGTGKAKEKLF,Negative Control 7,background_8378
DRGSQS,IYSNGD,ASETGANNLF,LGHDT,YNNKEL,ASSDEGQGLGQPQH,Negative Control 12,background_15465
DSASNY,IRSNVGE,AARDSSGSARQLT,SGHVS,FNYEAQ,ASSPRGRGAYEQY,Negative Control 8,background_9541
TISGTDY,GLTSN,ILRDDPAGNMLT,MNHEY,SVGEGT,ASSHSGGAADTQY,Negative Control 4,background_2795
YGGTVN,YFSGDPLV,AVRIRGNTGKLI,DFQATT,SNEGSKA,SAWAGAGTDTQY,Negative Control 4,background_2914
YGGTVN,YFSGDPLV,AVGDSNYQLI,LGHNA,YSLEER,ASSQDRPVTDTQY,Negative Control 2,background_956
DSSSTY,IFSNMDM,AEGQGQNFV,SEHNR,FQNEAQ,ASGDSSNTEAF,Negative Control 11,background_13404
TSINN,IRSNERE,ATDQKFSGGYNKLI,DFQATT,SNEGSKA,SARDGGWGGNTIY,Negative Control 6,background_5205
TSENNYY,QEAYKQQN,AFMFGYGQNFV,MNHNS,SASEGT,ASSGTGTGSNTEAF,Negative Control 6,background_5481
DRGSQS,IYSNGD,AVTLSGGYNKLI,MNHNY,SVGAGI,ASSYPDRANMLSSYNEQF,Negative Control 10,background_13012
DSVNN,IPSGT,AVDGGGYSTLT,LNHDA,SQIVND,ASDQGGARGYT,Negative Control 3,background_1638
NSAFQY,TYSSGN,AMLRSNYQLI,DFQATT,SNEGSKA,SARDELAVRFPDTQY,Negative Control 4,background_3460
DSAIYN,IQSSQRE,AAEDNYGQNFV,SGHVS,FQNEAQ,ASVDEPYSSGNTIY,Negative Control 8,background_9113
NSASQS,VYSSG,VVNMNKAAGNKLT,MGHDK,SYGVNS,ASSEARADRAPGANVLT,Negative Control 7,background_8487
TSESDYY,QEAYKQQN,AYERRASKDTGNQFY,SGHNS,FNNNVP,ASSPPTPSTDTQY,Negative Control 2,background_922
KALYS,LLKGGEQ,GTEGDSGGSNYKLT,SGHKS,YYEKEE,ASSFRDREYNEQF,Negative Control 9,background_11579
SSVSVY,YLSGSTLV,AVSSTSGYSTLT,SGHAT,FQNNGV,ASSLRDGGGLTDTQY,Negative Control 7,background_7540
YGATPY,YFSGDTLV,AANSMIKAAGNKLT,SGHNS,FNNNVP,ASSPTRGKDEQF,Negative Control 2,background_1445
SSVPPY,YTSAATLV,AVSDWAIEKDKFY,MNHEY,SMNVEV,ASSLVQGIDEQF,Negative Control 2,background_895
KTLYG,LQKGGEE,GASLPYSGGGADGLT,SGHNT,YENEEA,ASSFDTGTSYNEQF,Negative Control 5,background_3859
YGGTVN,YFSGDPLV,AVNDRNTGFQKLV,SNHLY,FYNNEI,ASSGQSESYGYT,Negative Control 8,background_9181
VSGNPY,YITGDNLV,AVRLTSGTYKYI,SGHDT,YYEEEE,ASSLYLAGSKETQY,Negative Control 11,background_14522
TTLSN,LVKSGEV,AGSSSGAGSYQLT,SGDLS,YYNGEE,ASSVVEGWGTGDGYT,Negative Control 8,background_10302
TSDPSYG,QGSYDQQN,AMRERGGSNYKLT,SNHLY,FYNNEI,ASTAGKGTNYGYT,Negative Control 5,background_3736
TSESDYY,QEAYKQQN,AYRRSRETSGSRLT,SGHNS,FNNNVP,ASADGGADEQF,Negative Control 11,background_13340
VSPFSN,MTFSENT,VVSGRKSDGQKLL,LNHDA,SQIVND,ASSIVGGNTGELF,Negative Control 6,background_5201
TRDTTYY,RNSFDEQN,ALSDHTADKLI,PRHDT,FYEKMQ,ASSPRTAFSTEQY,Negative Control 6,background_5202
DRGSQS,IYSNGD,AVHPMYTDKLI,SGHRS,YFSETQ,ASSSSNSVGTGELF,Negative Control 3,background_1959
DRGSQS,IYSNGD,AVEGNAGNMLT,MNHEY,SVGAGI,ASSYSTAGREQY,Negative Control 4,background_2928
SIFNT,LYKAGEL,AGPWAGNQFY,LNHNV,YYDKDF,ATRKGATNEKLF,Negative Control 4,background_2804
VSGNPY,YITGDNLV,AVRDSGAGSYQLT,SEHNR,FQNEAQ,ASSLGTDGYT,Negative Control 3,background_1850
DSAIYN,IQSSQRE,AVRAMEYGNKLV,SGHTA,FQGTGA,ASSPGGAGPGT,Negative Control 7,background_7970
NSAFQY,TYSSGN,AMRTILTQGGSEKLV,SGHTA,FQGTGA,ASSEEGTDLYGYT,Negative Control 6,background_6163
DRGSQS,IYSNGD,AGNAGIGDKLI,DFQATT,SNEGSKA,SANSDYEWDTQY,Negative Control 7,background_8084
TISGTDY,GLTSN,ILIEYGGSQGNLI,SGHDT,YYEEEE,ASTPWSAAPGTQY,Negative Control 9,background_11567
TSINN,IRSNERE,ATAAFKAAGNKLT,SNHLY,FYNNEI,ASNDPWGGTAPDSGANVLT,Negative Control 7,background_8655
TSGFNG,NVLDGL,AVMGTTDSWGKLQ,MDHEN,SYDVKM,ATWTDTGELF,Negative Control 10,background_12850
SIFNT,LYKAGEL,AGPWAGNMLT,DFQATT,SNEGSKA,SARLLGTFSTDTQY,Negative Control 2,background_1355
TTSDR,LLSNGAV,AVDRYSGGGADGLT,SEHNR,FQNEAQ,ASSVPADDTQY,Negative Control 9,background_10885
TSENNYY,QEAYKQQN,AFMNITLSNMLT,DFQATT,SNEGSKA,SARGSSGRSFSYNEQF,Negative Control 10,background_12329
DRGSQS,IYSNGD,AFDDQTGANNLF,GTSNPN,SVGIG,AWGTAYEQY,Negative Control 8,background_9995
TSDPSYG,QGSYDQQN,AMRESEGGSYIPT,MDHEN,SYDVKM,ASRPEGGNYGYT,Negative Control 1,background_517
YGATPY,YFSGDTLV,AVRLPNTNAGKST,SGHNT,YYREEE,ASSWDRTGEETQY,Negative Control 5,background_3705
VSGLRG,LYSAGEE,AVRDSSASKII,MNHEY,SMNVEV,ASIPLASSSYNEQF,Negative Control 2,background_728
TSGFNG,NVLDGL,AAKDSNYQLI,DFQATT,SNEGSKA,SADDREPSGANVLT,Negative Control 8,background_10402
SVFSS,VVTGGEV,AGGGSNYKLT,ENHRY,SYGVKD,AISEPTLQETQY,Negative Control 2,background_825
NIATNDY,GYKTK,LAQGDSNYQLI,SGDLS,YYNGEE,ASSVEGGPGNEQF,Negative Control 11,background_13639
TRDTTYY,RNSFDEQN,ALSDAGLPGGGADGLT,LNHNV,YYDKDF,ATSRDLRGGGTY,Negative Control 8,background_9705
DSAIYN,IQSSQRE,AVLAHTGRRALT,MNHEY,SMNVEV,ASSVGTPLGPGELF,Negative Control 5,background_3866
VSGNPY,YITGDNLV,AVRDEGNNFNKFY,SNHLY,FYNNEI,ASSEGFTEAF,Negative Control 3,background_1953
DRGSQS,IYSNGD,AGAAGNQFY,SGHTS,YDEGEE,ASSPDRAAYGYT,Negative Control 8,background_10340
VSGNPY,YITGDNLV,AVRLLVGSYIPT,MDHEN,SYDVKM,ASSLNLAGVDYGYT,Negative Control 5,background_4380
DRGSQS,IYSNGD,AVNIQAGTALI,SGHTA,FQGNSA,ASRDGPLRGTSGELF,Negative Control 2,background_880
NTAFDY,IRPDVSE,ACGPTNQAGTALI,LGHDT,YNNKEL,ASSQVSWYGYT,Negative Control 9,background_11659
TSGFYG,NALDGL,AVNSGGYQKVT,MNHEY,SVGEGT,ASSYSDNYGYT,Negative Control 4,background_2256
DSSSTY,IFSNMDM,AETANDYKLS,LNHNV,YYDKDF,ATSRPGGDRGIYEQY,Negative Control 7,background_6862
TSGFNG,NVLDGL,AGRGYGNKLV,WSHSY,SAAADI,ASSDQQGAAEAF,Negative Control 5,background_4127
DRGSQS,IYSNGD,AVNTVSSASKII,SQVTM,ANQGSEA,SVESTLDTEAF,Negative Control 7,background_6556
DRGSQS,IYSNGD,AGWVLAYSGAGSYQLT,SGHRS,YFSETQ,ASSLVPGYYEQY,Negative Control 6,background_6332
DSSSTY,IFSNMDM,AVPSGGYQKVT,MNHEY,SVGEGT,ASRGLTILDSGANVLT,Negative Control 2,background_1466
TTSDR,LLSNGAV,AVGPNTGGFKTI,MDHEN,SYDVKM,ASSELKQPNTEAF,Negative Control 10,background_12063
TSDPSYG,QGSYDQQN,AMRNNFGNEKLT,DFQATT,SNEGSKA,SASTSEWRETQY,Negative Control 7,background_6816
TRDTTYY,RNSFDEQN,ALATRSGANSKLT,ENHRY,SYGVKD,AISDGRPYEQY,Negative Control 1,background_199
TSDPSYG,QGSYDQQN,AMREVNSGNTPLV,MNHEY,SVGAGI,ASSELAGTDYGYT,Negative Control 10,background_11989
SVFSS,VVTGGEV,AGGVVDSGYALN,GTSNPN,SVGIG,AWSVGEEPDTQY,Negative Control 8,background_9733
NSASDY,IRSNMDK,AEDSGGGADGLT,SGDLS,YYNGEE,ASSGYRGGGTEAF,Negative Control 11,background_13833
TSGFNG,NVLDGL,AVRSVGAGTALI,DFQATT,SNEGSKA,SARDLSLGLFYEQY,Negative Control 11,background_13572
TSGFNG,NVLDGL,ALNNQAGTALI,MNHEY,SVGEGT,ASSPSTDTQY,Negative Control 2,background_1151
VSGLRG,LYSAGEE,AALEAGNTPLV,SGHNT,YYREEE,ASSGPLTEQY,Negative Control 6,background_6046
TRDTTYY,RNSFDEQN,ALSDGNNDMR,MDHEN,SYDVKM,ASSLWMSYTEAF,Negative Control 1,background_146
SSVPPY,YTSAATLV,AVTGTASKLT,MNHEY,SMNVEV,ASSPTGRRMDEKLF,Negative Control 8,background_9538
YGATPY,YFSGDTLV,ALMFSGGYNKLI,LGHNA,YNFKEQ,ASTGLFSPYEQF,Negative Control 9,background_10984
DSAIYN,IQSSQRE,AVRKTGAQKLV,KGHSH,LQKENI,ASSPKDGSANRRKTF,Negative Control 5,background_3545
NSASDY,IRSNMDK,AENRWPDGQKLL,MGHDK,SYGVNS,ASSEGPAAAGLHYGYT,Negative Control 6,background_5999
KALYS,LLKGGEQ,GTPSIKAAGNKLT,MDHEN,SYDVKM,ASSLTSGSTDTQY,Negative Control 9,background_11124
DSASNY,IRSNVGE,AAPYNNNDMR,LNHDA,SQIVND,ASSIPDTLRAF,Negative Control 10,background_11897
DSAIYN,IQSSQRE,AVRERNTGFQKLV,PRHDT,FYEKMQ,ASSLGRQSNQPQH,Negative Control 7,background_6940
SVFSS,VVTGGEV,AVSGGYQKVT,MNHEY,SVGEGT,ASSLDPWREKLF,Negative Control 2,background_916
TSINN,IRSNERE,ATDGRGYNTDKLI,SGHVS,FNYEAQ,ASSLASAEVEQY,Negative Control 1,background_503
TSDPSYG,QGSYDQQN,AMREKDRGSTLGRLY,SGHNT,YENEEA,ASSSHTGVGDTQY,Negative Control 4,background_3122
TTSDR,LLSNGAV,AVRRGDARLM,DFQATT,SNEGSKA,SATRTSGNVNEQY,Negative Control 8,background_10625
TSGFNG,NVLDGL,APSTDSWGKLQ,MDHEN,SYDVKM,ASSLEGTSGYNEQF,Negative Control 9,background_11307
DSSSTY,IFSNMDM,AEVWAGNMLT,LNHDA,SQIVND,ASRSSGMAYEQY,Negative Control 12,background_14937
TTLSN,LVKSGEV,AGESPIGTSYGKLT,SQVTM,ANQGSEA,SVGTNTEAF,Negative Control 10,background_12026
TSGFYG,NALDGL,AVANNAGNMLT,SNHLY,FYNNEI,ASIDRAKTYEQY,Negative Control 10,background_12244
SSNFYA,MTLNGDE,APTGTASKLT,LNHNV,YYDKDF,ATSRDLGVLTEAF,Negative Control 4,background_3403
TSINN,IRSNERE,ALYGNNRLA,MNHNS,SASEGT,ASSGAGRTTDTQY,Negative Control 4,background_3325
NIATNDY,GYKTK,LLRVHNNDMR,SGHTA,FQGNSA,ACTGRENEKLF,Negative Control 6,background_6349
DRGSQS,IYSNGD,AVNGGSQGNLI,MNHEY,SVGEGT,ASSYSWRSDTQY,Negative Control 3,background_1817
TISGTDY,GLTSN,ILRDNSNSGYALN,KGHSH,LQKENI,ASSQKGQPNTEAF,Negative Control 7,background_7073
TRDTTYY,RNSFDEQN,ALSEARSSNAGNMLT,LNHDA,SQIVND,ASSWDTARSTLH,Negative Control 8,background_10075
VSGNPY,YITGDNLV,AVRDLNAGNNRKLI,LNHDA,SQIVND,ASSAAGGTTEKLF,Negative Control 4,background_2950
NSAFQY,TYSSGN,AMRVPNDYKLS,ENHRY,SYGVKD,AISEEGATIQPQH,Negative Control 5,background_4117
TSDPSYG,QGSYDQQN,AMRELNTGNQFY,MDHEN,SYDVKM,ASSPVAGLDYGYT,Negative Control 8,background_10175
VSGNPY,YITGDNLV,AATPDHTGGFKTI,SGHVS,FNYEAQ,ASSTEPSSGNTIY,Negative Control 6,background_6082
KALYS,LLKGGEQ,GTETRDQAGTALI,LNHDA,SQIVND,ASSMRQQPQH,Negative Control 12,background_15784
TSGFNG,NVLDGL,AVRMTTDSWGKLQ,DFQATT,SNEGSKA,SARDHAGSSADTQY,Negative Control 11,background_14858
TRDTTYY,RNSFDEQN,ALSEVFNDYKLS,DFQATT,SNEGSKA,SARGGQGETQY,Negative Control 5,background_4911
TSDPSYG,QGSYDQQN,AMRRVNAGGTSYGKLT,LNHNV,YYDKDF,ATSRARQTNEKLF,Negative Control 8,background_10046
SIFNT,LYKAGEL,AGHLSYTDKLI,LNHNV,YYDKDF,ATSRDSGDRGEKLF,Negative Control 10,background_12468
DRGSQS,IYSNGD,AVNVYSGGGADGLT,SGHNT,YYREEE,ASSGGGFDTEAF,Negative Control 8,background_8723
TISGNEY,GLKNN,IVRVANDYKLS,DFQATT,SNEGSKA,SAPWPGLATYNEQF,Negative Control 8,background_9953
NSAFQY,TYSSGN,TLGGGADGLT,SGHAT,FQNNGV,ASSLDYLTDTQY,Negative Control 6,background_6262
TRDTTYY,RNSFDEQN,ALSGSQGNLI,LNHDA,SQIVND,ASSIWTGGGQPQH,Negative Control 11,background_14386
NSMFDY,ISSIKDK,AAAGAGGTSYGKLT,KGHDR,SFDVKD,ATSDFIRGTANTGELF,Negative Control 9,background_11135
SSVPPY,YTSAATLV,AVSAFTSGTYKYI,SGHNT,YYREEE,ASSLSGRGRSPLH,Negative Control 8,background_9952
TRDTTYY,RNSFDEQN,ALSKYQAGTALI,SGHAT,FQNNGV,ASSLSPDTQY,Negative Control 2,background_1230
VSGNPY,YITGDNLV,AVRSRGSTLGRLY,SGHVS,FNYEAQ,ASRAGQGGSPLH,Negative Control 9,background_10753
TSINN,IRSNERE,ATSSGGSNYKLT,SGHNT,YENEEA,ASSSPLDLLGAEAF,Negative Control 6,background_5514
TSGFNG,NVLDGL,AADNNARLM,SGHNT,YENEEA,ASSPPHSGELF,Negative Control 1,background_17
DSAIYN,IQSSQRE,VTRAHGNNRLA,KGHSH,LQKENI,ASSPVLRRDTEAF,Negative Control 1,background_30
DSSSTY,IFSNMDM,AESIPTDKLI,GTSNPN,SVGIG,AWGPLAGDTGELF,Negative Control 2,background_1395
TSESDYY,QEAYKQQN,AYRSPFSYNTDKLI,SQVTM,ANQGSEA,SVEDGYEQY,Negative Control 3,background_1540
VSPFSN,MTFSENT,VVRIYNTDKLI,MNHEY,SVGEGT,ASSYGRSHNTDTQY,Negative Control 7,background_7567
NSASQS,VYSSG,VVTPMDSSYKLI,MNHNS,SASEGT,ASSATGLAGGIGQY,Negative Control 5,background_4025
SIFNT,LYKAGEL,AGWRRNNNDMR,SGDLS,YYNGEE,ASSTGPPLALNTEAF,Negative Control 4,background_2922
TISGTDY,GLTSN,ILRDVDNARLM,LGHNA,YSLEER,ASSQRGYGNTIY,Negative Control 11,background_14809
TSGFNG,NVLDGL,AVYTGGFKTI,MNHEY,SVGAGI,ASSYGRGEGLMEKLF,Negative Control 6,background_6110
YGATPY,YFSGDTLV,ASPRGAQKLV,GTSNPN,SVGIG,AWSDGMVSYNSPLH,Negative Control 12,background_15285
DRGSQS,IYSNGD,AVNSGGYQKVT,LGHNA,YSLEER,ASSPRGIEPQH,Negative Control 4,background_2884
TSINN,IRSNERE,ALWGGLTGGGNKLT,SGHDT,YYEEEE,ASSRAGTGQF,Negative Control 6,background_6509
TISGNEY,GLKNN,IVRPPFDGNEKLT,MNHEY,SMNVEV,ASSSPMSTEAF,Negative Control 12,background_15353
DSSSTY,IFSNMDM,AEIPPGNQGGKLI,LGHNA,YSLEER,ASSPTDGELF,Negative Control 8,background_9617
TSGFNG,NVLDGL,AVPGGYNKLI,SGHTA,FQGNSA,ASSLGTSRGEAF,Negative Control 6,background_5739
SIFNT,LYKAGEL,AGQPTANTDKLI,LGHNA,YSLEER,ASSQERPREYEQY,Negative Control 9,background_11146
VSPFSN,MTFSENT,VVTEFGGATNKLI,SGHTA,FQGNSA,ASSLAFGGSGYSSSYEQY,Negative Control 8,background_9762
TSGFNG,NVLDGL,APRDTDKLI,SNHLY,FYNNEI,ASTPIGDSGVFGYT,Negative Control 12,background_15180
NSMFDY,ISSIKDK,AATGTYKYI,LGHNA,YNFKEQ,ASSQAGTGGEKLF,Negative Control 9,background_11782
TSDPSYG,QGSYDQQN,AMRRWTNAGKST,SGHRS,YFSETQ,ASANGPLLAGDTYEQY,Negative Control 7,background_6798
VSPFSN,MTFSENT,VVSFNQAGTALI,MGHRA,YSYEKL,ASSQVVGGSGELF,Negative Control 12,background_15019
KALYS,LLKGGEQ,VGRSGGGADGLT,SEHNR,FQNEAQ,ASSLKGTDYFSGNTIY,Negative Control 6,background_5189
SSVSVY,YLSGSTLV,AVTQNNNARLM,MNHEY,SMNVEV,ASMGGASYGYT,Negative Control 11,background_14795
SVFSS,VVTGGEV,ADRETDKLI,SNHLY,FYNNEI,ASSEFLASNQPQH,Negative Control 8,background_10297
TSESDYY,QEAYKQQN,ASLSTYKYI,SGHTA,FQGNSA,ASSPTAGTGEGYT,Negative Control 3,background_1826
DSSSTY,IFSNMDM,AEDPRVRSARQLT,SGHKS,YYEKEE,ASSSPGTYPPNNEQF,Negative Control 11,background_14368
SSYSPS,YTSAATLV,VVSLSNTGKLI,SGHTA,FQGNSA,ASSGPDRTNQPQH,Negative Control 2,background_867
TSDPSYG,QGSYDQQN,AMRDRTGGGADGLT,SGHDN,FVKESK,ASSQGRKTEAF,Negative Control 4,background_2491
NSAFQY,TYSSGN,AMSEGNTPLV,DFQATT,SNEGSKA,SARDLHRDTYNEKLF,Negative Control 8,background_10160
TSGFNG,NVLDGL,AVRDNYGQNFV,MNHEY,SVGAGI,ASSYSSGGDPTGQF,Negative Control 6,background_5836
ATGYPS,ATKADDK,ALYNNNDMR,SSHAT,FNYEAQ,ASRIGTSGAETQY,Negative Control 4,background_3395
VSPFSN,MTFSENT,VVSEYSGAGSYQLT,SQVTM,ANQGSEA,SGGSGEADTQY,Negative Control 10,background_12039
DSAIYN,IQSSQRE,AGMYSGGGADGLT,LNHDA,SQIVND,ASSHGVGEQF,Negative Control 12,background_15207
VSGNPY,YITGDNLV,AVRDSGNNNDMR,MNHEY,SMNVEV,ASRFRSGQARVLT,Negative Control 11,background_13519
NSAFQY,TYSSGN,AMSAVDSSYKLI,MNHEY,SMNVEV,ASSLYRTEKLF,Negative Control 1,background_455
VSGNPY,YITGDNLV,AVSDNTGGFKTI,SGHNS,FNNNVP,ATRPGQHSGDTQY,Negative Control 6,background_5427
TSDPSYG,QGSYDQQN,AMRGTGNQFY,KGHSH,LQKENI,ASSPLDRSGRLNEQF,Negative Control 1,background_297
TSGFNG,NVLDGL,AYSGAGSYQLT,SGHDT,YYEEEE,ASKIGTSSYYEQY,Negative Control 7,background_8324
TRDTTYY,RNSFDEQN,ALSEAGYGGATNKLI,LGHDT,YNNKEL,ASSQLPVAPAGSQAEQF,Negative Control 7,background_6852
VSGLRG,LYSAGEE,AVPTQGLVGGTSYGKLT,MDHEN,SYDVKM,ASSPAWGRGNTEAF,Negative Control 8,background_9280
NSMFDY,ISSIKDK,AASDSGTYKYI,SGHNT,YYREEE,ASSWGAGLAETQY,Negative Control 6,background_5629
SSNFYA,MTLNGDE,AFIKDAGGTSYGKLT,SGHAT,FQNNGV,ASSFLAGVYEQF,Negative Control 5,background_3595
VGISA,LSSGK,AAPRGETSGSRLT,GTSNPN,SVGIG,AWTRQGNYGYT,Negative Control 9,background_11413
DRGSQS,IYSNGD,AVLTGAGSYQLT,MNHEY,SVGAGI,VTGLAGGDYNEQF,Negative Control 11,background_13555
SIFNT,LYKAGEL,AGQSNAGNMLT,SGHNS,FNNNVP,ASSGPAFGETQY,Negative Control 11,background_14009
TSDPSYG,QGSYDQQN,AMREGFYDTGANSKLT,MNHEY,SVGEGT,ASSYSTVEFGTDTQY,Negative Control 8,background_9344
SSVSVY,YLSGSTLV,AVSDRGETGANNLF,LGHNA,YNFKEQ,ASSPTSGGEETQY,Negative Control 3,background_1681
VTNFRS,LTSSGIE,ARTSGTYKYI,LNHDA,SQIVND,ASSTWTGASYEQY,Negative Control 11,background_14745
TSDPSYG,QGSYDQQN,AMREGIQGAQKLV,LNHNV,YYDKDF,ATSRDRRGYTQY,Negative Control 11,background_13865
DSAIYN,IQSSQRE,AVGETSGSRLT,SGHVS,FQNEAQ,ASSFFVGGNQPQH,Negative Control 8,background_8980
SIFNT,LYKAGEL,AGPRSNAGGTSYGKLT,SGHDY,FNNNVP,ASSLAWGGDRPAPYEQY,Negative Control 1,background_41
DRGSQS,IYSNGD,AVIREGRGSTLGRLY,PRHDT,FYEKMQ,ASSLDSTYEQY,Negative Control 11,background_14419
NSMFDY,ISSIKDK,AASVTGTASKLT,LGHNT,FRNRAP,ASGLSTLAETQY,Negative Control 2,background_1158
VSPFSN,MTFSENT,VVSLNTGFQKLV,MNHNS,SASEGT,ASTQGGSTHNEQF,Negative Control 5,background_4791
TSDPSYG,QGSYDQQN,AMRGEYGNKLV,LNHNV,YYDKDF,ATSGLPFNEKLF,Negative Control 9,background_11618
NSAFQY,TYSSGN,AMKVDSNYQLI,SGHVS,FNYEAQ,ASSLAAGTGGQPQH,Negative Control 8,background_8943
TSINN,IRSNERE,ATVNREIQGAQKLV,MNHEY,SMNVEV,ASSPGQAQHGYT,Negative Control 2,background_786
NSASDY,IRSNMDK,AENSRRGATNKLI,SGHVS,FNYEAQ,ASSLGQVGSGNTIY,Negative Control 8,background_9214
TSDPSYG,QGSYDQQN,AMEGNTGGFKTI,MNHEY,SMNVEV,ASRSRGPLYGNEQF,Negative Control 5,background_4468
TRDTTYY,RNSFDEQN,ALSTALTSDYKLS,WNHNN,SYGVQD,ASSEMDRDGNEQF,Negative Control 8,background_10492
TSDPSYG,QGSYDQQN,AMRENNAGNMLT,DFQATT,SNEGSKA,SARDLAGPREAF,Negative Control 2,background_965
TSENNYY,QEAYKQQN,AFMKRATGANSKLT,SNHLY,FYNNEI,ASSESGGNNEQF,Negative Control 9,background_10800
SIFNT,LYKAGEL,AGPLYNNNDMR,SGHDY,FNNNVP,ATSVSGSSYNEQF,Negative Control 5,background_4546
STGYPT,ETMEN,LHISNFGNEKLT,MDHEN,SYDVKM,ASSFRFDSPLH,Negative Control 10,background_12133
TTSDR,LLSNGAV,AVDPPRLNNAGNMLT,MDHEN,SYDVKM,ASSLDNQYYNEQF,Negative Control 5,background_3869
TSGFNG,NVLDGL,AVTIMDSGGYQKVT,SGDLS,YYNGEE,ASSVAMGTGSLGEQY,Negative Control 9,background_11638
TISGTDY,GLTSN,ILRDSRRGNTGKLI,SNHLY,FYNNEI,ASGTSSGIYGYT,Negative Control 8,background_10355
DSSSTY,IFSNMDM,AESYSSNTGKLI,SGHTS,YDEGEE,ASRTNRGHEQY,Negative Control 10,background_12788
TRDTTYY,RNSFDEQN,ALIPERDDKII,SGDLS,YYNGEE,ASSAGTLYGYT,Negative Control 4,background_2563
SSVPPY,YTSAATLV,AVSDQNARLM,MDHEN,SYDVKM,ASSLATGAPVEAF,Negative Control 9,background_10924
TSGFNG,NVLDGL,APNLFSGGYNKLI,SGHTA,FQGNSA,ASSPVPPASGNTDTQY,Negative Control 5,background_4315
SSVSVY,YLSGSTLV,AVSGWNTNAGKST,SGHDY,FNNNVP,ASSRPGQGYGELF,Negative Control 11,background_14360
DSSSTY,IFSNMDM,AEPYTGFQKLV,DFQATT,SNEGSKA,SAERGGFSGANVLT,Negative Control 7,background_7898
TTSDR,LLSNGAV,AVDMIRNTGKLI,SGHVS,FQNEAQ,ASSPTLSEKLF,Negative Control 3,background_1526
SIFNT,LYKAGEL,AGRTDSGTYKYI,DFQATT,SNEGSKA,SARALTGINYGYT,Negative Control 2,background_1009
DSAIYN,IQSSQRE,AVRLFSGGYQKVT,DFQATT,SNEGSKA,SARFGASSGNTIY,Negative Control 8,background_8962
SSNFYA,MTLNGDE,ALTSDSGTYKYI,MDHEN,SYDVKM,ASSSLFLAGVSLSSYEQY,Negative Control 4,background_2434
SVFSS,VVTGGEV,AGSPDNYGQNFV,LGHNA,YSLEER,ASSQGGSLGGLQETQY,Negative Control 1,background_412
TSGFNG,NVLDGL,AVRGPNSGNTPLV,ENHRY,SYGVKD,AISESRTLPRDEQF,Negative Control 2,background_1197
NSASDY,IRSNMDK,AEILNRDDKII,MNHEY,SMNVEV,ASSLGQGYEQY,Negative Control 9,background_11384
SSYSPS,YTSAATLV,VVSGMIGFGNVLH,SNHLY,FYNNEI,ASTWSSGQANTGELF,Negative Control 10,background_12698
YGGTVN,YFSGDPLV,AVNAGHFGNEKLT,SGHRS,YFSETQ,ASSRLQKRLNTEAF,Negative Control 10,background_11928
TSGFNG,NVLDGL,AVRGQGYSTLT,SQVTM,ANQGSEA,SAPGQGAAGYT,Negative Control 8,background_9253
TSGFNG,NVLDGL,AVRGGGHSGGYQKVT,MGHRA,YSYEKL,ASSQDNGSGGYGYT,Negative Control 12,background_15200
KTLYG,LQKGGEE,GAAVSGGGADGLT,SGHVS,FNYEAQ,ASSLGTGASGELF,Negative Control 2,background_726
DRGSQS,IYSNGD,AAVSDGQKLL,SGDLS,YYNGEE,ASSAGVGANVLT,Negative Control 4,background_2601
NTAFDY,IRPDVSE,AASRDYGGATNKLI,PRHDT,FYEKMQ,ASSLLTGTGEETQY,Negative Control 8,background_9359
TSGFNG,NVLDGL,AVRDYGGATNKLI,LGHDT,YNNKEL,ASSQAEGLHRGNTIY,Negative Control 2,background_1392
VSGLRG,LYSAGEE,AVRGGAGSYQLT,SGHAT,FQNNGV,ATSKTNTEAF,Negative Control 2,background_1064
DSVNN,IPSGT,AVDLPSSNTGKLI,SGHNS,FNNNVP,ASSMGYGLAGGRREETQY,Negative Control 6,background_5893
NSMFDY,ISSIKDK,AARLNSGYALN,SQVTM,ANQGSEA,SVESQESYEQY,Negative Control 3,background_2095
TTLSN,LVKSGEV,AAPMDSNYQLI,MDHEN,SYDVKM,ASSLNRGASTDTQY,Negative Control 1,background_139
VTNFRS,LTSSGIE,AVAIIQGAQKLV,LNHDA,SQIVND,ASSSGHSYEQY,Negative Control 6,background_5360
TSGFNG,NVLDGL,AVRDYMNRDDKII,KGHDR,SFDVKD,ATSDTGGAGEREQY,Negative Control 11,background_13826
VSPFSN,MTFSENT,VVSAWKDSNYQLI,MNHEY,SVGEGT,ASSYDRGTSGANVLT,Negative Control 9,background_11548
TSENNYY,QEAYKQQN,AFTPGNDMR,MGHRA,YSYEKL,ASSPPFRPDEQY,Negative Control 2,background_1177
TSESDYY,QEAYKQQN,AYRSPIYGGSQGNLI,SGHDT,YYEEEE,ASSSRPGPYGYT,Negative Control 9,background_11001
SVFSS,VVTGGEV,AGGDYGQNFV,MNHEY,SVGAGI,ASRPGQISGNTIY,Negative Control 7,background_8579
TSDPSYG,QGSYDQQN,AMRERSYNTDKLI,MNHEY,SVGEGT,ASSPLGTSGGPSTDTQY,Negative Control 6,background_6095
DSAIYN,IQSSQRE,AVHTSGTYKYI,SGHNT,YENEEA,ASSVDSGTSGDNEQF,Negative Control 10,background_12370
NTAFDY,IRPDVSE,AAGGYQKVT,KGHDR,SFDVKD,ATSDLWGYNEQF,Negative Control 9,background_11520
DSSSTY,IFSNMDM,AERRINNARLM,SNHLY,FYNNEI,ASRTSNTDTQY,Negative Control 5,background_3743
TTLSN,LVKSGEV,AGQEDQAGTALI,SGHAT,FQNNGV,ASTLSWGHEQY,Negative Control 4,background_3023
DSAIYN,IQSSQRE,AVSPMNTGFQKLV,MNHEY,SMNVEV,ASSPSPGYHEQF,Negative Control 1,background_18
SSNFYA,MTLNGDE,ARGNSGGYQKVT,KGHDR,SFDVKD,ATSDWTGAGYT,Negative Control 6,background_5671
TRDTTYY,RNSFDEQN,ALRNSNYQLI,MNHNY,SVGAGI,ASYWTGEAGYT,Negative Control 7,background_8616
TSDPSYG,QGSYDQQN,ALGEYGNKLV,LNHDA,SQIVND,ASSTSSQGAVYGYT,Negative Control 4,background_2654
TISGNEY,GLKNN,IVRVGHSSNTGKLI,LGHNA,YSLEER,ASSQYRDEGYEQY,Negative Control 2,background_1272
NSMFDY,ISSIKDK,AATPNTGNQFY,DFQATT,SNEGSKA,SARDHGRRSSSYEQY,Negative Control 5,background_4579
VTNFRS,LTSSGIE,AAFTGANSKLT,MDHEN,SYDVKM,ASNLQGAHEQF,Negative Control 8,background_10455
DSSSTY,IFSNMDM,AETNTNAGKST,SNHLY,FYNNEI,ASNDGRRWEQY,Negative Control 10,background_11908
SSYSPS,YTSAATLV,VVNLMNYGGSQGNLI,SGHRS,YFSETQ,ATREGNSPLH,Negative Control 8,background_10586
ATGYPS,ATKADDK,ALSDNDYKLS,MNHEY,SMNVEV,ASSLAGYNGYT,Negative Control 1,background_559
NSMFDY,ISSIKDK,AASDGNAGKST,SGHNT,YYREEE,ASSPGGGTMSGNTIY,Negative Control 3,background_2019
SVFSS,VVTGGEV,AGTYSGGGADGLT,KGHSH,LQKENI,ASSPGLAVNNEQF,Negative Control 7,background_6997
TISGTDY,GLTSN,IPPGNQFY,LGHNA,YSLEER,ASSQDRSSGANVLT,Negative Control 4,background_2591
SSVSVY,YLSGSTLV,AVRNYGGTSYGKLT,DFQATT,SNEGSKA,SARVSGGAYNEQF,Negative Control 8,background_10186
VSGNPY,YITGDNLV,AVRASPERDDKII,MGHRA,YSYEKL,ASSQEALGYGYT,Negative Control 10,background_11953
NIATNDY,GYKTK,LVGLYNFNKFY,SGHDY,FNNNVP,ASSRGQGGGT,Negative Control 8,background_10654
TRDTTYY,RNSFDEQN,ALSGPGTYKYI,LNHDA,SQIVND,ASSTLAGRNEQF,Negative Control 2,background_718
KTLYG,LQKGGEE,GADQPITGNQFY,MNHEY,SMNVEV,ASMGGYNEQF,Negative Control 2,background_1234
NSMFDY,ISSIKDK,AASEGKLI,SNHLY,FYNNEI,ASYFARDTEAF,Negative Control 1,background_29
TSENNYY,QEAYKQQN,AFTLFNFNTDKLI,LGHNA,YNFKEQ,ASSQGTGAVNTEAF,Negative Control 4,background_2439
DSASNY,IRSNVGE,AASMYNGGATNKLI,MDHEN,SYDVKM,ASSFGEGGLTEAF,Negative Control 9,background_11277
SVFSS,VVTGGEV,AGADSGAGSYQLT,GTSNPN,SVGIG,AWAPDWTDTQY,Negative Control 8,background_8778
DSSSTY,IFSNMDM,AESLFNAGNMLT,SGHVS,FQNEAQ,ASSLAVREVTYNEQF,Negative Control 1,background_557
VTNFRS,LTSSGIE,AVEARRGRGGGSEKLV,SGDLS,YYNGEE,ASSAQGIRELF,Negative Control 4,background_2334
SVFSS,VVTGGEV,ADSGSARQLT,LGHNA,YSLEER,ASSQASRVGETQY,Negative Control 8,background_9525
VSNAYN,GSKP,AVDWGGATNKLI,KGHSH,LQKENI,ASSLRLAGIYNEQF,Negative Control 8,background_8839
TSDPSYG,QGSYDQQN,AMREISGSARQLT,LNHDA,SQIVND,ASSIDRGFDSSGLF,Negative Control 4,background_2551
VTNFRS,LTSSGIE,ALSGGGADGLT,SGDLS,YYNGEE,ASSPWDLNYGYT,Negative Control 4,background_3500
SVFSS,VVTGGEV,AGAAGTSYDKVI,SEHNR,FQNEAQ,ASSFPWGQVGADTQY,Negative Control 2,background_997
YGGTVN,YFSGDPLV,AVRVLSGGYNKLI,LGHDT,YNNKEL,ASSQDILAGTDEQY,Negative Control 1,background_513
TSGFYG,NALDGL,AVRETYTDKLI,SGHRS,YFSETQ,ASSEPGQGLQVAKNIQY,Negative Control 10,background_12823
KALYS,LLKGGEQ,GTGPNAGGTSYGKLT,MGHRA,YSYEKL,ASSQGSPPGQSSYEQY,Negative Control 9,background_11379
TSESDYY,QEAYKQQN,AYMGLDSNYQLI,LGHNA,YSLEER,ASSQGTGGNTIY,Negative Control 6,background_6400
TISGNEY,GLKNN,IVYESWVGGDMR,SGHAT,FQNNGV,ASSLGRTYEQY,Negative Control 7,background_8617
NSMFDY,ISSIKDK,AASGPSNSGYALN,LNHDA,SQIVND,ASSIVHVAAYGYT,Negative Control 5,background_4984
DSSSTY,IFSNMDM,AESQDSGAGSYQLT,SQVTM,ANQGSEA,SVQGAATEAF,Negative Control 2,background_691
VTNFRS,LTSSGIE,GTWDSNYQLI,SGHRS,YFSETQ,ASRQEMGANYGYT,Negative Control 4,background_3486
TISGTDY,GLTSN,IPNFSTDSWGKFQ,MNHEY,SVGAGI,ATQTGTYGYT,Negative Control 3,background_1740
TSDPSYG,QGSYDQQN,AMREVGGHNNARLM,SSHAT,FNYEAQ,ASSPFPGTANTGELF,Negative Control 10,background_13129
TSGFYG,NALDGL,AVHRGGSYIPT,GTSNPN,SVGIG,AWSVTGQGRGETQY,Negative Control 11,background_13669
NSMFDY,ISSIKDK,AATPYNNNDMR,MNHEY,SMNVEV,ASSFGPGTQPQH,Negative Control 2,background_1087
TSENNYY,QEAYKQQN,AFMKPHSGNTPLV,MNHNY,SVGAGI,ASSRQGSNQPQH,Negative Control 9,background_11660
DSAIYN,IQSSQRE,AGGGNAGNMLT,MDHEN,SYDVKM,ASRRTGTAHEQY,Negative Control 10,background_12151
TSGFYG,NALDGL,AEFDNTNAGKST,MNHEY,SVGEGT,ASSYDGVGQPQH,Negative Control 11,background_14702
TRDTTYY,RNSFDEQN,ALSGITGGFKTI,KGHDR,SFDVKD,ATSDRRDRTTNTGELF,Negative Control 8,background_10430
SSVPPY,YTSAATLV,AVSPQGAQKLV,SEHNR,FQNEAQ,ASQDRFSAEEQY,Negative Control 8,background_10519
TRDTTYY,RNSFDEQN,ALNPQGIKAAGNKLT,SGDLS,YYNGEE,ASSENPGLESNEQF,Negative Control 1,background_608
VTNFRS,LTSSGIE,AVEAGRVGDDKII,MNHNS,SASEGT,ASSVPRDSYNSPLH,Negative Control 4,background_3278
KTLYG,LQKGGEE,GADPLRGSTLGRLY,LGHDT,YNNKEL,ASSPLGVGLQPQH,Negative Control 7,background_7360
SSVSVY,YLSGSTLV,AVSEFSPRGANSKLT,SGHDT,YYEEEE,ASSLGGMNTEAF,Negative Control 9,background_11110
NSMFDY,ISSIKDK,AASQTTDSWGKLQ,GTSNPN,SVGIG,AWSWGEGLYEQY,Negative Control 11,background_14229
TSGFNG,NVLDGL,AVRVMDSNYQLI,SGHVS,FQNEAQ,ASSLALAGAHSYNEQF,Negative Control 2,background_992
KALYS,LLKGGEQ,GTSASFADNYGQNFV,MNHEY,SMNVEV,ASSSYRGDQPQH,Negative Control 6,background_6226
TSENNYY,QEAYKQQN,ALTDRDDKII,DFQATT,SNEGSKA,SAGVVGNEQF,Negative Control 5,background_3529
DSASNY,IRSNVGE,AASWTGNTPLV,MNHNS,SASEGT,ASSEVARGHYNEQF,Negative Control 11,background_14708
DSAIYN,IQSSQRE,AAFSGGYQKVT,MNHEY,SVGEGT,ASSYWDRDRQTYEQY,Negative Control 9,background_10911
NSASQS,VYSSG,VVNYSGGYQKVT,SNHLY,FYNNEI,ASSPGGAGAYNEQF,Negative Control 5,background_3959
SVFSS,VVTGGEV,AGVGGFGNVLH,SGHAT,FQNNGV,ASSLAGVSGWTSEQF,Negative Control 6,background_5203
NSAFQY,TYSSGN,AMNYGGSQGNLI,ENHRY,SYGVKD,AISVGTSGDTGELF,Negative Control 2,background_1008
TSDPSYG,QGSYDQQN,AMREAFGSARQLT,SGHNT,YYREEE,ASSRTGGPPGELF,Negative Control 3,background_1874
YGATPY,YFSGDTLV,AVARPETSYDKVI,GTSNPN,SVGIG,AWSGEAGELF,Negative Control 9,background_11703
TISGNEY,GLKNN,IVSSHSALN,SGDLS,YYNGEE,ASSPPSGRGYNEQF,Negative Control 4,background_3083
VSGNPY,YITGDNLV,AVRGPGDKII,PRHDT,FYEKMQ,ASSLRRLAGTVNEQF,Negative Control 6,background_5228
NSMFDY,ISSIKDK,AAKAQGSNYKLT,KGHSH,LQKENI,ASSPSVSGNTIY,Negative Control 8,background_10245
NSMFDY,ISSIKDK,AASHHFGNEKLT,SGDLS,YYNGEE,ASSLAVVSGRADEQF,Negative Control 1,background_589
NSMFDY,ISSIKDK,AGTDGQKLL,SEHNR,FQNEAQ,ATRQGGNEKLF,Negative Control 10,background_12257
TSGFYG,NALDGL,AVRLTGFQKLV,MNHEY,SVGEGT,ASIAVPAAGEQY,Negative Control 6,background_5370
VSPFSN,MTFSENT,VVSQPTNAGGTSYGKLT,SEHNR,FQNEAQ,ASRNGGSDEQY,Negative Control 10,background_12584
NSASQS,VYSSG,VVNLDTGNQFY,SNHLY,FYNNEI,ASSKEPGTGNQPQH,Negative Control 4,background_2791
SSVSVY,YLSGSTLV,AVSDLTQGGSEKLV,SGHVS,FQNEAQ,ASSTIRPYQETQY,Negative Control 8,background_8939
DSAIYN,IQSSQRE,AVRNTGNQFY,SQVTM,ANQGSEA,SVEWGAVPDTQY,Negative Control 5,background_4215
DSAIYN,IQSSQRE,AVQGNTPLV,ENHRY,SYGVKD,AISASTGLLGGYT,Negative Control 5,background_4786
TSGFYG,NALDGL,AVRAITGGGNKLT,SGHRS,YFSETQ,ASSPSSDRGHQETQY,Negative Control 1,background_558
SSNFYA,MTLNGDE,APESTYKYI,SGHRS,YFSETQ,ASSRPLGGANPHEQF,Negative Control 11,background_14716
KALYS,LLKGGEQ,GAGNNDMR,GTSNPN,SVGIG,AGPRSGGGYT,Negative Control 4,background_3306
DSAIYN,IQSSQRE,AETDSWGKLQ,SGHTA,FQGNSA,ASSLEFTGELF,Negative Control 3,background_1958
TRDTTYY,RNSFDEQN,ALSEAWVDSNYQLI,GTSNPN,SVGIG,AWSVEAMNTEAF,Negative Control 7,background_8134
TSESDYY,QEAYKQQN,AYRTMEYGNKLV,MNHEY,SMNVEV,ASSSSPGGWGTQY,Negative Control 8,background_9815
SSVSVY,YLSGSTLV,AVSDQGFKTI,SGHKS,YYEKEE,ASSFSYLSGDNTEAF,Negative Control 4,background_3117
VSGLRG,LYSAGEE,AVRRGGYQKVT,GTSNPN,SVGIG,AWATGTGGVTDTQY,Negative Control 7,background_8500
DSASNY,IRSNVGE,AAYNQGGKLI,SEHNR,FQNEAQ,ASSFPTSGGPFDIQY,Negative Control 7,background_8652
DSSSTY,IFSNMDM,AEIPGANNLF,GTSNPN,SVGIG,AVFQKDGYT,Negative Control 3,background_2094
SIFNT,LYKAGEL,AGLVGGTSYGKLT,LNHDA,SQIVND,ATRGSMNTEAF,Negative Control 7,background_7539
VSPFSN,MTFSENT,VGAGGGSQGNLI,DFQATT,SNEGSKA,SAPETSLNEQF,Negative Control 2,background_1063
DRGSQS,IYSNGD,AVNPSYLTGNQFY,LGHNA,YSLEER,ASSHARGQFYEQY,Negative Control 3,background_1602
SVFSS,VVTGGEV,AGGPFGNEKLT,DFQATT,SNEGSKA,SARDRDRALRADEQF,Negative Control 5,background_4200
DRGSQS,IYSNGD,AVKGGYSTLT,DFQATT,SNEGSKA,SARTPRLARYTDTQY,Negative Control 7,background_8270
TSINN,IRSNERE,ATDGGNYGQNFV,MGHRA,YSYEKL,ASSQKPPGVEYQETQY,Negative Control 3,background_1834
TSESDYY,QEAYKQQN,AYRSAGGFNKFY,MGHDK,SYGVNS,ASSDYVAGGTDTQY,Negative Control 6,background_5666
TSENNYY,QEAYKQQN,AFMKPSGGYQKVT,SGHNT,YENEEA,ASSPYWVPRGAYNEQF,Negative Control 5,background_3580
TSDPSYG,QGSYDQQN,AMRGNNAGNMLT,PRHDT,FYEKMQ,ASRARGGSYEQY,Negative Control 9,background_11654
NSMFDY,ISSIKDK,AASSDNYGQNFV,SGDLS,YYNGEE,ASSPTGLQNSPLH,Negative Control 4,background_3377
NSASDY,IRSNMDK,AEKDSGGYQKVT,SGHRS,YFSETQ,ASSPGLAGGRLETQY,Negative Control 3,background_2073
NSMFDY,ISSIKDK,AASVGVAGNMLT,DFQATT,SNEGSKA,SARGYSNQPQH,Negative Control 6,background_5159
TISGNEY,GLKNN,TAPGSSASKII,MNHNS,SASEGT,ASSEPFGEGRANTEAF,Negative Control 4,background_2735
TRDTTYY,RNSFDEQN,ALSEGMDDKLI,SGHTA,FQGNSA,ASSLGLTGGWGETQY,Negative Control 1,background_239
TRDTTYY,RNSFDEQN,ALSERSFSVNTPLV,SGHTA,FQGNSA,ASSFERVWENTEAF,Negative Control 7,background_7436
TTLSN,LVKSGEV,AGFSYGGSQGNLI,SGDLS,YYNGEE,ASSAGAGGDYGYT,Negative Control 6,background_5162
ATGYPS,ATKADDK,ALSDPGGGSQGNLI,MDHEN,SYDVKM,ASSFPGQEFYEQY,Negative Control 9,background_11499
NSMFDY,ISSIKDK,AEFSGTYKYI,MDHEN,SYDVKM,ASSHRDWVRDEQY,Negative Control 8,background_9447
DSASNY,IRSNVGE,AASTGRDDKII,MGHDK,SYGVNS,ASSDWGTVNEKLF,Negative Control 1,background_592
TSINN,IRSNERE,ATVNTGGFKTI,SGHNT,YYREEE,ASSLGSKGAF,Negative Control 7,background_7679
TSENNYY,QEAYKQQN,AFIRSYGKLT,SQVTM,ANQGSEA,SVDTLLNEQF,Negative Control 8,background_10123
TSDPSYG,QGSYDQQN,AMRDLNTGFQKLV,SGHNS,FNNNVP,ASSFVGTGIQETQY,Negative Control 5,background_3993
TTSDR,LLSNGAV,AVDQEGSQGNLI,SGHNT,YYREEE,ASSPRGAGYGYT,Negative Control 11,background_13686
NIATNDY,GYKTK,LVGVSGYALN,SGHAT,FQDESV,ASSLGSAGEETQY,Negative Control 3,background_1631
ATGYPS,ATKADDK,ALSGTTDSWGKLQ,MNHEY,SVGEGT,ASSYSSSDLSFRSYNEQF,Negative Control 9,background_11622
DSAIYN,IQSSQRE,GLQSNFGNEKLT,SGHNT,YYREEE,ASSSGLLYGYT,Negative Control 4,background_2909
YGGTVN,YFSGDPLV,AVFLTGGATNKLI,SSHAT,FNYEAQ,ASSPGLAGFDEQF,Negative Control 9,background_11367
TSDPSYG,QGSYDQQN,ATNDMR,MDHEN,SYDVKM,ASMRVFRGMNTEAF,Negative Control 8,background_9416
VGISA,LSSGK,AVFLANTGNQFY,SGHDT,YYEEEE,ASSWGTGASEQY,Negative Control 1,background_600
TSGFNG,NVLDGL,AIYNFNKFY,MNHNS,SASEGT,ASSEDRNYEQY,Negative Control 1,background_154
YGATPY,YFSGDTLV,AVGGEDSWGKLQ,MRHNA,SNTAGT,ASSPGQDANTGELF,Negative Control 11,background_14086
DSAIYN,IQSSQRE,AGWFSDGQKLL,MNHNY,SVGAGI,ASSRPGTGDYGYT,Negative Control 5,background_3945
SSVPPY,YTSAATLV,AVINRDDKII,MDHEN,SYDVKM,ASRGTGISEQF,Negative Control 3,background_1819
TSDPSYG,QGSYDQQN,AKRPLSNTGKLI,LNHDA,SQIVND,ASHSGGSTDTQY,Negative Control 3,background_1591
TSENNYY,QEAYKQQN,ATSGGGADGLT,MDHEN,SYDVKM,ASSFLRLDTQY,Negative Control 1,background_418
TSESDYY,QEAYKQQN,AYGGATNKLI,DFQATT,SNEGSKA,SASPINYGYT,Negative Control 6,background_5737
SIFNT,LYKAGEL,AGQSSLGGTSYGKLT,MGHRA,YSYEKL,ASSQFSGRTDTQY,Negative Control 7,background_7654
TTSDR,LLSNGAV,AVPGGSQGNLI,MNHNY,SVGAGI,ASEKPSGANVLT,Negative Control 8,background_9495
KTLYG,LQKGGEE,GADHASGGSYIPT,SGHDN,FVKESK,ASSPAGGPTDTQY,Negative Control 4,background_3000
TRDTTYY,RNSFDEQN,ALSEGDARLM,MGHRA,YSYEKL,ASSQEGVNGYT,Negative Control 5,background_3995
TRDTTYY,RNSFDEQN,ALSGDSSYKLI,SGHVS,FQNEAQ,ASSLDIQVGLSETQY,Negative Control 7,background_6660
TRDTTYY,RNSFDEQN,ALSDGYGQNFV,SGHAT,FQNNGV,ASSLEGGSATNEKLF,Negative Control 8,background_10233
SVFSS,VVTGGEV,AGVKEAGANNLF,SGHDN,FVKESK,ASSQGRLGFGDEQF,Negative Control 2,background_1275
VSGNPY,YITGDNLV,AVRDEVNARLM,MNHNY,SVGAGI,ASSPNDRGSSGELF,Negative Control 11,background_13507
DSASNY,IRSNVGE,AASNPMRDTGRRALT,MDHEN,SYDVKM,ASSFPGAQPQH,Negative Control 10,background_12858
TSGFNG,NVLDGL,AVDGGATNKLI,SQVTM,ANQGSEA,SVIYRYSGNTIY,Negative Control 1,background_571
TSINN,IRSNERE,ATDGGGDSNYQLI,SGDLS,YYNGEE,ASSKGFYQPQH,Negative Control 6,background_6156
VSGLRG,LYSAGEE,AAARGYGNKLV,MGHRA,YSYEKL,ASSQALGEQF,Negative Control 9,background_11238
SVFSS,VVTGGEV,AGYNQAGTALI,LGHNA,YSLEER,ASSPAWTSGNEQY,Negative Control 2,background_1315
DSVNN,IPSGT,AALMDTGRRALT,MNHNS,SASEGT,ASSPWDRGYQPQH,Negative Control 11,background_13688
SSVPPY,YTSAATLV,AVSDATVNFGNEKLT,SGHVS,FQNEAQ,ASSLGTRGVKAGSIDEQY,Negative Control 2,background_847
VSGLRG,LYSAGEE,AVQDAVGATNKLI,LNHNV,YYDKDF,ATSRTSGANTGELF,Negative Control 8,background_9901
DRGSQS,IYSNGD,AVTGGTSYGKLT,LNHNV,YYDKDF,ATRGQNYNEQF,Negative Control 3,background_1754
TSESDYY,QEAYKQQN,AYRSVPLNRDDKII,MNHNS,SASEGT,ASSPFGTGGQPQH,Negative Control 8,background_9031
KALYS,LLKGGEQ,GNLMFSGGYNKLI,PRHDT,FYEKMQ,ASSRGQTTGELF,Negative Control 6,background_5726
DSSSTY,IFSNMDM,AAERDLNKFY,DFQATT,SNEGSKA,SARDVFQGAANYGYT,Negative Control 12,background_15644
SVFSS,VVTGGEV,AGYSSNTGKLI,MNHEY,SMNVEV,ASFDRFGYT,Negative Control 2,background_1380
VSGLRG,LYSAGEE,AVQDVGNQFY,LNHDA,SQIVND,ASSIDQGGTEAF,Negative Control 5,background_3922
KTLYG,LQKGGEE,GAEDSWGKLQ,LGHNA,YNFKEQ,ASSHLWGDNEKLF,Negative Control 8,background_10134
TISGTDY,GLTSN,ILISTGTASKLT,MGHRA,YSYEKL,ASSQRAGRGEKLF,Negative Control 4,background_2114
TSDPSYG,QGSYDQQN,ALPPQGGKLI,SGHKS,YYEKEE,ASSLWSDGAKNIQY,Negative Control 10,background_13140
SSVPPY,YTSAATLV,AVSVPVGTASKLT,SGHKS,YYEKEE,ASSLEGGLNQPQH,Negative Control 8,background_10699
TISGNEY,GLKNN,IYNSGGGADGLT,SEHNR,FQNEAQ,ASSSPPRAESSYEQY,Negative Control 7,background_7279
DSAIYN,IQSSQRE,AVRPDSGYALN,MNHNY,SVGAGI,ASEMRTGMDEQY,Negative Control 9,background_11608
KALYS,LLKGGEQ,GTDLNYGGSQGNLI,SGHRS,YFSETQ,ASSFQGAPYEQY,Negative Control 7,background_7433
TISGTDY,GLTSN,ILRSNNAGNMLT,LNHDA,SQIVND,ASAPWTSGPNEQY,Negative Control 8,background_10275
DRGSQS,IYSNGD,AVNKNTDKLI,SGHDY,FNNNVP,ASSSTGEGSTDTQY,Negative Control 3,background_1919
TISGTDY,GLTSN,ILRGYTGANSKLT,MNHEY,SVGAGI,ASSYSEVTEAF,Negative Control 1,background_101
NSMFDY,ISSIKDK,AALYNNDMR,KGHSH,LQKENI,ASSPRTEQETQY,Negative Control 2,background_1333
VSPFSN,MTFSENT,VVSLNADSWGKLQ,KGHDR,SFDVKD,ATQTGLAGPNEQF,Negative Control 8,background_9307
TSDPSYG,QGSYDQQN,AMERPDSGGYQKVT,LGHDT,YNNKEL,ASSQYTGVSTDTQY,Negative Control 1,background_323
TSDPSYG,QGSYDQQN,AMSYNQGGKLI,MNHNS,SASEGT,ASKSQHTEAF,Negative Control 10,background_11884
SVFSS,VVTGGEV,AGSISSGSARQLT,LNHDA,SQIVND,ASSETFRGPQH,Negative Control 5,background_4011
TSINN,IRSNERE,ATDSFGSYIPT,WSHSY,SAAADI,ASSESDSGYTDTQY,Negative Control 11,background_13965
NYSPAY,IRENEKE,ALEDRGGSYIPT,SGDLS,YYNGEE,ASSPPGQGYEKLF,Negative Control 6,background_5997
DSVNN,IPSGT,AFNTNAGKST,SEHNR,FQNEAQ,ASSLVAGNEQF,Negative Control 5,background_3772
VTNFRS,LTSSGIE,AVSPRPFNAGNNRKLI,SGHDT,YYEEEE,ASSPGPGGNEQF,Negative Control 9,background_11612
NIATNDY,GYKTK,LVGVDSNYQLI,MNHEY,SVGEGT,ASSYSLHSAGYEQY,Negative Control 1,background_432
NIATNDY,GYKTK,LVGDQAGTYKYI,SGHTA,FQGTGA,ASSPTPGDEEAF,Negative Control 4,background_2826
SSNFYA,MTLNGDE,AFTVSGGSYIPT,SGHRS,YFSETQ,ASSLAGGRNTEAF,Negative Control 6,background_5124
NSMFDY,ISSIKDK,AASEKLRGGADGLT,MNHNS,SASEGT,ASSEGGSWNEQF,Negative Control 2,background_826
YGATPY,YFSGDTLV,ATHPRYSGGGADGLT,SGHNS,FNNNVP,ASSFGTGSGYT,Negative Control 11,background_13581
TSESDYY,QEAYKQQN,AYRGGADGLT,LNHNV,YYDKDF,ATSREEGVNTEAF,Negative Control 10,background_11877
VSGLRG,LYSAGEE,AVRLDSWGKLQ,MDHEN,SYDVKM,ASRRGEEGNQPQH,Negative Control 4,background_3296
NSAFQY,TYSSGN,AMSAYAPGSARQLT,MGHRA,YSYEKL,ASSPPRNTEAF,Negative Control 3,background_1843
TSDPSYG,QGSYDQQN,AMREGKRGNNDMR,DFQATT,SNEGSKA,SARPQGLDVLT,Negative Control 7,background_8311
DRGSQS,IYSNGD,AVNRADNFNKFY,MDHEN,SYDVKM,ASSPGTANSYEQY,Negative Control 8,background_10463
NSAFQY,TYSSGN,AMSAPNFGNEKLT,SQVTM,ANQGSEA,SVTTGTSEVYEQY,Negative Control 2,background_1423
TISGNEY,GLKNN,IVRPSNFGNEKLT,DFQATT,SNEGSKA,SARDGTSEQETQY,Negative Control 4,background_3345
NTAFDY,IRPDVSE,ATGGSYIPT,SNHLY,FYNNEI,ASTEWGNEETQY,Negative Control 6,background_5529
DSAIYN,IQSSQRE,AVNSGNTPLV,MDHEN,SYDVKM,ASSYDRAKTSYEQY,Negative Control 5,background_4808
ATGYPS,ATKADDK,ALRGDSSYKLI,SQVTM,ANQGSEA,SVETSGRALSGELF,Negative Control 11,background_13369
TSINN,IRSNERE,ATAQYSSASKII,SSHAT,FNYEAQ,ASSYRSESYNEQF,Negative Control 6,background_5838
TSDPSYG,QGSYDQQN,AMREDVYGQNFV,GTSNPN,SVGIG,AWSRADHQPQH,Negative Control 4,background_2790
TTSDR,LLSNGAV,AVDDARAGKST,DFQATT,SNEGSKA,SARDGTSGLNEQF,Negative Control 1,background_415
DRGSQS,IYSNGD,AVGDYGGSQGNLI,SGHDY,FNNNVP,ASSLTVYNEQF,Negative Control 1,background_493
YSGSPE,HISR,ALSILAGGTSYGKLT,SGHDN,FVKESK,ASSQDYQVEAF,Negative Control 5,background_4446
TSINN,IRSNERE,ATVDNYGQNFV,ENHRY,SYGVKD,AISESGEGGTEAF,Negative Control 3,background_1573
TRDTTYY,RNSFDEQN,ALSEEVDFGNEKLT,MNHEY,SMNVEV,ASSWGDSNQPQH,Negative Control 6,background_5238
ATGYPS,ATKADDK,ALLMDTGRRALT,MNHNY,SVGAGI,ASSYSGGADPEAF,Negative Control 6,background_5312
NSMFDY,ISSIKDK,AASGGGGGADGLT,GTSNPN,SVGIG,AWSGRDAPRTDTQY,Negative Control 8,background_9729
TSINN,IRSNERE,ATDLGITPLV,DFQATT,SNEGSKA,SARDRTANNQPQH,Negative Control 9,background_11040
TTLSN,LVKSGEV,AGKDAYGQNFV,MGHRA,YSYEKL,ASSQGAYPSDEQY,Negative Control 5,background_3826
TSESDYY,QEAYKQQN,AYRSEGYSSASKII,SGDLS,YYNGEE,ASSVYAGGPGETQY,Negative Control 6,background_5326
DSASNY,IRSNVGE,AATGYSTLT,LNHNV,YYDKDF,ATSEGTGGNTIY,Negative Control 3,background_1630
SSVSVY,YLSGSTLV,AVSESGTYKYI,DFQATT,SNEGSKA,SATPPITADKYYYEQY,Negative Control 2,background_1498
TSESDYY,QEAYKQQN,AYSSDVTGANSKLT,SEHNR,FQNEAQ,ASSPPLQPYEQY,Negative Control 10,background_12690
TSDPSYG,QGSYDQQN,AMRGVPVGAGSYQLT,PRHDT,FYEKMQ,ASSSYSGTRGTDTQY,Negative Control 5,background_4239
NIATNDY,GYKTK,ALADNARLM,SQVTM,ANQGSEA,SVEDSSGGGGTDTQY,Negative Control 8,background_9103
DSSSTY,IFSNMDM,AEDRDDKII,KGHDR,SFDVKD,ATSVTDRGTNTDTQY,Negative Control 8,background_10167
SVFSS,VVTGGEV,AGRYNFNKFY,MDHEN,SYDVKM,ASSPGTGGLAGLSYNEQF,Negative Control 4,background_3379
TISGTDY,GLTSN,ILRPLNDYKLS,MGHRA,YSYEKL,ASSPRTGASNQPQH,Negative Control 11,background_13368
VSGNPY,YITGDNLV,AVRGPLNAGKST,SGHTA,FQGNSA,ASSFGVNGANVLT,Negative Control 6,background_5740
TSINN,IRSNERE,ATDAQMDSNYQLI,ENHRY,SYGVKD,AISTGAYNSPLH,Negative Control 7,background_8121
NSAFQY,TYSSGN,AMSVGNTGFQKLV,PRHDT,FYEKMQ,ASREGGNEQF,Negative Control 9,background_11743
NSASQS,VYSSG,VVNNFGNEKLT,MNHEY,SVGEGT,ASTLYGGVTDTQY,Negative Control 8,background_10338
YGATPY,YFSGDTLV,AVGGYDYKLS,SGHNS,FNNNVP,ASRRLAGVYDTQY,Negative Control 1,background_546
NIATNDY,GYKTK,PWSHSGAGSYQLT,SEHNR,FQNEAQ,ASSSTSGGAGDTQY,Negative Control 6,background_5586
SIFNT,LYKAGEL,AGLFMDSNYQLI,ENHRY,SYGVKD,AILSGGEQY,Negative Control 12,background_15258
TISGNEY,GLKNN,IVRAGASGTYKYI,MGHRA,YSYEKL,ASSHPPGQGAQPQH,Negative Control 1,background_599
NSMFDY,ISSIKDK,AALDWGGADGLT,SGDLS,YYNGEE,ASSSRPGASQH,Negative Control 11,background_14150
YSGSPE,HISR,ALKRGSGYSTLT,PRHDT,FYEKMQ,ASSARGFTEAF,Negative Control 4,background_2769
TSINN,IRSNERE,ATYLYSGGGADGLT,MDHEN,SYDVKM,ASSPRSGTISYEQY,Negative Control 8,background_9156
DSSSTY,IFSNMDM,AEYNNQGGKLI,SGDLS,YYNGEE,ASSPDGSGGGTDTQY,Negative Control 2,background_1211
SSVSVY,YLSGSTLV,AVCQYNNNDMR,SGHTA,FQGNSA,ASSLILAGGDTQY,Negative Control 11,background_13831
TRDTTYY,RNSFDEQN,ALSEASEETSGSRLT,MNHEY,SMNVEV,ASRPSRQAGTEAF,Negative Control 11,background_14669
TSINN,IRSNERE,ATFTYNAGNNRKLI,SGHNS,FNNNVP,ASGRPGNTEAF,Negative Control 11,background_14519
NSMFDY,ISSIKDK,AASEYSNDMR,MNHEY,SVGAGI,ASSSGQVVGAF,Negative Control 10,background_12929
TSGFNG,NVLDGL,APVSGYALN,KGHSH,LQKENI,ASSPDGRLSGNTIY,Negative Control 5,background_4311
SSVPPY,YTSAATLV,AVSDRLGNFNKFY,LGHNA,YNFKEQ,ASSQEGRVETQY,Negative Control 3,background_1938
TSDPSYG,QGSYDQQN,AMRCRLNTGFQKLV,MGHRA,YSYEKL,ASSQENRDTVSGYT,Negative Control 7,background_7992
NIATNDY,GYKTK,LVGDGGNYQLI,MGHRA,YSYEKL,ASSQDPLGANVLT,Negative Control 3,background_1903
SIFNT,LYKAGEL,AGDTSGTYKYI,GTSNPN,SVGIG,AGSSGLGNIQY,Negative Control 5,background_4233
TRDTTYY,RNSFDEQN,ALSEGISNFGNEKLT,DFQATT,SNEGSKA,SAPPSGDSGGAYTGELF,Negative Control 12,background_15923
TSDPSYG,QGSYDQQN,AMREDVYGQNFV,SGDLS,YYNGEE,ASSAGGSGANVLT,Negative Control 7,background_6797
YGATPY,YFSGDTLV,AVGLAGGTSYGKLT,MNHNY,SVGAGI,ASTKGQGNWDQPQH,Negative Control 12,background_15935
DSAIYN,IQSSQRE,AVPSNFGNEKLT,SGHDY,FNNNVP,ASRAERGEVNTEAF,Negative Control 5,background_4586
VGISA,LSSGK,AVSPFSGSARQLT,MNHEY,SVGEGT,ASVGTELTSSYEQY,Negative Control 6,background_6445
VSGLRG,LYSAGEE,AVHQAGTALI,MDHEN,SYDVKM,ASSLGGNTEAF,Negative Control 2,background_814
VTNFRS,LTSSGIE,AVETSGSRLT,SGHDY,FNNNVP,ASSRLAKHNEQF,Negative Control 10,background_13099
NSASDY,IRSNMDK,AEKTEAAGNKLT,MNHNS,SASEGT,ASSEEKGPHNEQF,Negative Control 6,background_6047
TSESDYY,QEAYKQQN,AYRSGDMR,MGHDK,SYGVNS,ASSELLAPPDRVRQY,Negative Control 2,background_1254
NYSPAY,IRENEKE,ALDPPDSSASKII,SEHNR,FQNEAQ,ASSPLDTQY,Negative Control 9,background_11302
DSASNY,IRSNVGE,AANQGTDKLI,DFQATT,SNEGSKA,SARDRASGRVNEQF,Negative Control 4,background_2163
VTNFRS,LTSSGIE,AADTGNQFY,DFQATT,SNEGSKA,SAPGTTNEKLF,Negative Control 4,background_2375
DSSSTY,IFSNMDM,AETEPRNFNKFY,MDHEN,SYDVKM,ASSFGVSSYNEQF,Negative Control 4,background_2509
TTLSN,LVKSGEV,AGRESGGSNYKLT,SGDLS,YYNGEE,ASTPRGRVYDEQY,Negative Control 11,background_14769
KALYS,LLKGGEQ,GTPVSGTSYGKLT,MNHEY,SVGAGI,ASSYLPPAGRLTDTQY,Negative Control 2,background_1169
DSAIYN,IQSSQRE,AVTSRDSGAGSYQLT,SGHVS,FQNEAQ,ASSLAQVNQPQH,Negative Control 8,background_9920
DRGSQS,IYSNGD,AVQHTSGTYKYI,MNHEY,SMNVEV,ASSSEAVWAQETQY,Negative Control 11,background_14476
NIATNDY,GYKTK,LVAFTGGGNKLT,SGHVS,FQNEAQ,ASSLALQGFGYGYT,Negative Control 10,background_13059
YGATPY,YFSGDTLV,AVGDGNSGYSTLT,SEHNR,FQNEAQ,ASSPDGTPNTGELF,Negative Control 4,background_3468
SSVPPY,YTSAATLV,AVSERAGGTSYGKLT,SGHDT,YYEEEE,ASSSGQGAPYEQY,Negative Control 2,background_620
VSPFSN,MTFSENT,VVTLNNAGNMLT,MNHNY,SVGAGI,ASSTRTGGIWGNTEAF,Negative Control 2,background_753
TISGTDY,GLTSN,GADRAPLFY,MNHNY,SVGAGI,ASSTAGDGYT,Negative Control 6,background_6371
DSAIYN,IQSSQRE,AVGGLIKAAGNKLT,PRHDT,FYEKMQ,ASSTGLADYNEQF,Negative Control 5,background_4553
SSVSVY,YLSGSTLV,AVSVKAAGNKLT,MNHNY,SVGAGI,ASSPLEGHSYT,Negative Control 10,background_12723
NSMFDY,ISSIKDK,AAKSGQFY,LGHNT,FRNRAP,ASGLAGLSTEAF,Negative Control 11,background_14443
NSAFQY,TYSSGN,ASYDYKLS,MGHRA,YSYEKL,ASSQGSASGRGVFYEQY,Negative Control 11,background_14149
TSENNYY,QEAYKQQN,ARNSGSARQLT,ENHRY,SYGVKD,AISEAATEAF,Negative Control 12,background_14902
TSGFNG,NVLDGL,AVRVPNTGRRALT,MNHNS,SASEGT,ASSAGQGAGNGYT,Negative Control 6,background_6447
TSINN,IRSNERE,ATNNNARLM,SQVTM,ANQGSEA,SVVTGQGALGANVLT,Negative Control 8,background_9399
SSYSPS,YTSAATLV,VVSDPGNNNARLM,DFQATT,SNEGSKA,SAPLAGGEDLTDTQY,Negative Control 6,background_6173
DRGSQS,IYSNGD,AVNFLLSNDMR,SNHLY,FYNNEI,ASSERREGYGYT,Negative Control 5,background_4794
TRDTTYY,RNSFDEQN,ALSGPGGQGGSEKLV,DFQATT,SNEGSKA,SARELGTYEQY,Negative Control 8,background_9306
TTSDR,LLSNGAV,AVSRLYSGGGADGLT,LGHNA,YNFKEQ,ASSQTAGSNYGYT,Negative Control 7,background_6744
VSGNPY,YITGDNLV,AVRGLFSDGQKLL,SNHLY,FYNNEI,ASSESPSLGSPLH,Negative Control 4,background_2936
VSGNPY,YITGDNLV,AVRDTGSGAGSYQLT,WNHNN,SYGVQD,ASSEKQGMSYNEQF,Negative Control 8,background_8730
VSGNPY,YITGDNLV,AVNPSADYGQNFV,LNHNV,YYDKDF,ATSREGGRWEKLF,Negative Control 6,background_5674
TSGFNG,NVLDGL,AALRENYGQNFV,SNHLY,FYNNEI,ASRRGAEAF,Negative Control 3,background_2033
TRDTTYY,RNSFDEQN,ALGSDGNQFY,SGDLS,YYNGEE,ASSEGAGRQPQH,Negative Control 4,background_2876
TSINN,IRSNERE,ATDNNNDMR,MDHEN,SYDVKM,ASSYPIFNYGYT,Negative Control 1,background_523
VSGNPY,YITGDNLV,AVRANDYKLS,DFQATT,SNEGSKA,SPKRLNTEAF,Negative Control 10,background_11909
VSNAYN,GSKP,AVEVMDQAGTALI,MNHNY,SVGAGI,ASSYSPAGLNYGYT,Negative Control 6,background_6120
TISGNEY,GLKNN,IVRVAAGETSYDKVI,SGHDT,YYEEEE,ASSLGWGGYNEQF,Negative Control 10,background_13210
TSESDYY,QEAYKQQN,AWAGSYQLT,MNHNY,SVGAGI,ASSTHQVDTQY,Negative Control 5,background_4788
VSPFSN,MTFSENT,VVTTRNDYKLS,DFQATT,SNEGSKA,SADTGDNEQF,Negative Control 7,background_8313
SSVPPY,YTSAATLV,AVSADTGTASKLT,MDHEN,SYDVKM,ASSSPSLQYSYEQY,Negative Control 10,background_12853
SVFSS,VVTGGEV,AARDTGRRALT,LGHNA,YNFKEQ,ASSQEERAVGNTIY,Negative Control 4,background_2990
NTAFDY,IRPDVSE,AASRTTDSWGKLQ,SGHDT,YYEEEE,ASSAGSTLETQY,Negative Control 4,background_2418
YGATPY,YFSGDTLV,AVGPMTTDSWGKLQ,LNHDA,SQIVND,ASRSGFGTEAF,Negative Control 5,background_3943
VSGLRG,LYSAGEE,AVLKIGGYNKLI,LNHDA,SQIVND,ASTRTSGRDYTQY,Negative Control 5,background_4164
NTAFDY,IRPDVSE,APFVTGGGADGLT,MNHNY,SVGAGI,ASSYGRPTQLNYGYT,Negative Control 12,background_15603
DSASNY,IRSNVGE,AASLHARLM,SGHTA,FQGNSA,ASSLSFRVRDTGELF,Negative Control 12,background_15363
VSGNPY,YITGDNLV,AVRPSYYGNNRLA,MDHEN,SYDVKM,ASSLLGEYQPQH,Negative Control 9,background_10731
SVFSS,VVTGGEV,AGVDGGATNKLI,LNHDA,SQIVND,ASWIGQRPYGYT,Negative Control 4,background_2635
DSAIYN,IQSSQRE,AVADNYGQNFV,PRHDT,FYEKMQ,ASSSRGTLWGLAAYNEQF,Negative Control 12,background_15542
SIFNT,LYKAGEL,AGPGSSNTGKLI,DFQATT,SNEGSKA,SAPLQGPQETQY,Negative Control 2,background_719
TRDTTYY,RNSFDEQN,ALLHNAGNMLT,GTSNPN,SVGIG,ASRLDGPEQF,Negative Control 8,background_8858
SSYSTF,SSENQE,ALSEASSGGSYIPT,SGDLS,YYNGEE,ASSVGGTGGINEQF,Negative Control 4,background_2711
YGATPY,YFSGDTLV,ALYGGATNKLI,SGHDT,YYEEEE,ASSLTGGAEAF,Negative Control 6,background_5320
KTLYG,LQKGGEE,GADQLNNNDMR,SQVTM,ANQGSEA,SVVYRGGYT,Negative Control 8,background_9006
NSASQS,VYSSG,VVTGTGFQKLV,SGHRS,YFSETQ,ASTPGGTRDTQY,Negative Control 11,background_14076
DSASNY,IRSNVGE,AAFEGVSDSNYQLI,SGHDN,FVKESK,ASSQGRKTEAF,Negative Control 4,background_2871
DSVNN,IPSGT,AVEDTSGTYKYI,ENHRY,SYGVKD,AISGGDRGYEQY,Negative Control 10,background_12811
SSNFYA,MTLNGDE,ARPEGGGADGLT,GTSNPN,SVGIG,ALMIGASYNEQF,Negative Control 10,background_13215
TSINN,IRSNERE,ATDGMGSGTALI,PRHDT,FYEKMQ,ASSSELQGKETQY,Negative Control 7,background_8593
TISGNEY,GLKNN,IVRVSGNQFY,MDHEN,SYDVKM,ASEDSWGDQETQY,Negative Control 10,background_13086
DRGSQS,IYSNGD,AVNGDGGFKTI,LGHDT,YNNKEL,ASALRGGQNIQY,Negative Control 8,background_10244
TISGNEY,GLKNN,IVRVTGTASKLT,SGHKS,YYEKEE,ASSPWQGKSQPQH,Negative Control 7,background_7863
SSYSPS,YTSAATLV,VVSDGLLTGGGNKLT,SGHDN,FVKESK,ASSPGQYMNTEAF,Negative Control 4,background_3137
VSGNPY,YITGDNLV,AVRGRNTGGFKTI,SGHDT,YYEEEE,ASSLAVGDWNTDTQY,Negative Control 6,background_6167
TSESDYY,QEAYKQQN,AYRSPKAGSNYQLI,LNHDA,SQIVND,ASSIIPSSYNEQF,Negative Control 11,background_14090
TTLSN,LVKSGEV,AGPNNAGNMLT,SGDLS,YYNGEE,ASSVAEALDGYT,Negative Control 3,background_2105
YSGSPE,HISR,ALSGWNTGNQFY,SGHDT,YYEEEE,ASSLADGATTDTQY,Negative Control 6,background_5129
TSDPSYG,QGSYDQQN,AMRPNSGGYQKVT,SGHDT,YYEEEE,ASSLLGGEVDSPLH,Negative Control 7,background_7013
NSASQS,VYSSG,VVPQTGTASKLT,MDHEN,SYDVKM,ASSSLIGQGVTEAF,Negative Control 8,background_10232
TSINN,IRSNERE,ATDLLGDDKII,MDHEN,SYDVKM,ASSSGLAGASTDTQY,Negative Control 8,background_9313
DRGSQS,IYSNGD,AVNAGGTSYGKLT,DFQATT,SNEGSKA,SARTGVSTGELF,Negative Control 7,background_7253
TSDPSYG,QGSYDQQN,AMREGNRNNDMR,MNHEY,SVGAGI,ASRKGVGQKYGYT,Negative Control 4,background_2140
NSASQS,VYSSG,VVYTGRRALT,DFQATT,SNEGSKA,SARWGRTTEAF,Negative Control 9,background_11536
VGISA,LSSGK,AAREGGNQFY,SGDLS,YYNGEE,ASSASLAEFTGELF,Negative Control 7,background_8242
TSDPSYG,QGSYDQQN,AMRATAGKST,SGHVS,FNYEAQ,ASSYSGLAGGPNNEQF,Negative Control 2,background_634
DSAIYN,IQSSQRE,AVFLTGTASKLT,DFQATT,SNEGSKA,SAIHGWDYGYT,Negative Control 6,background_5963
TSESDYY,QEAYKQQN,AYRVWTGNQFY,SQVTM,ANQGSEA,SVGSGLDTEAF,Negative Control 5,background_4131
DSSSTY,IFSNMDM,APNQAGTALI,LNHDA,SQIVND,ASSMGTGGYEQY,Negative Control 6,background_5919
VSGLRG,LYSAGEE,AVPLFSDGQKLL,SGDLS,YYNGEE,ASSPRGADTEAF,Negative Control 3,background_1568
TISGNEY,GLKNN,IGSGGGADGLT,DFQATT,SNEGSKA,SASDGLAGGWSQETQY,Negative Control 9,background_11514
TTSDR,LLSNGAV,AVNAGGTSYGKLT,LNHDA,SQIVND,ASSLDRGHYGYT,Negative Control 8,background_9193
TSDPSYG,QGSYDQQN,AMRGYTGNQFY,LNHNV,YYDKDF,ATSRGEGGTETQY,Negative Control 1,background_491
TSDPSYG,QGSYDQQN,AMRDAPVIQGAQKLV,MNHEY,SMNVEV,ASGAGSGHEQF,Negative Control 7,background_7095
VSGLRG,LYSAGEE,AVRDSSASKII,LGHNA,YSLEER,ARTGGEGSGYT,Negative Control 2,background_641
YGGTVN,YFSGDPLV,AVKGLDMR,MNHEY,SVGAGI,ASSYSIVRGPAVEQF,Negative Control 12,background_15015
VSGNPY,YITGDNLV,AVRAPFEEGGKLI,MNHEY,SVGEGT,ASSYFSGSTGELF,Negative Control 6,background_5399
DSASNY,IRSNVGE,AASRFTSGTYKYI,DFQATT,SNEGSKA,SVWSQGSYEQY,Negative Control 7,background_7935
YGATPY,YFSGDTLV,AVVPEGSGGGADGLT,SGHAT,FQDESV,ASSPYPRGGWQETQY,Negative Control 5,background_3651
TRDTTYY,RNSFDEQN,ALSVINARLM,MNHNY,SVGAGI,ASTPGQGVNEQF,Negative Control 7,background_8098
SVFSS,VVTGGEV,AGAQDNDYKLS,SGHAT,FQNNGV,ASSLSTSGVHSYNEQF,Negative Control 4,background_3320
STGYPT,ETMEN,LLETSGSRLT,SEHNR,FQNEAQ,ASSFASRNTEAF,Negative Control 8,background_8934
TSDPSYG,QGSYDQQN,AIDPWAGSYQLT,DFQATT,SNEGSKA,SALALSGSSYEQY,Negative Control 9,background_11139
YSGSPE,HISR,ALSWWGNNARLM,MNHNS,SASEGT,ASSPTDSTDTQY,Negative Control 11,background_13843
NSMFDY,ISSIKDK,AASVEGDKLI,SGDLS,YYNGEE,ASSPRQDGTGELF,Negative Control 11,background_14651
NSASQS,VYSSG,VVFRGGGYNKLI,SNHLY,FYNNEI,ASSVVSPDRGLGEQF,Negative Control 7,background_8434
DSAIYN,IQSSQRE,AVTYSGNTPLV,MNHEY,SMNVEV,ASSLTQLNTEAF,Negative Control 4,background_3400
DSAIYN,IQSSQRE,AVEAGSYQLT,SGHNT,YYREEE,ASRNPTGDTEAF,Negative Control 3,background_1541
NSMFDY,ISSIKDK,AAGWSSNYKLT,PRHDT,FYEKMQ,ASSLTGMGNSPLH,Negative Control 12,background_15639
VSGNPY,YITGDNLV,AVSPRETDSWGKLQ,PRHDT,FYEKMQ,ASSPGLAGRTDTQY,Negative Control 5,background_5060
TSGFNG,NVLDGL,AVSVSGGYQKVT,LGHDT,YNNKEL,ASSQSAVTGTRNTIY,Negative Control 6,background_5847
SSNFYA,MTLNGDE,ASSANAGGTSYGKLT,GTSNPN,SVGIG,AWSVGRARYEQY,Negative Control 11,background_13283
TISGTDY,GLTSN,ILTTDSWGKLQ,DFQATT,SNEGSKA,SARDHGRTGAKNIQY,Negative Control 9,background_11181
SSVSVY,YLSGSTLV,AVSETGNYGQNFV,MNHNS,SASEGT,ASSESLGTTGELF,Negative Control 8,background_8812
TRDTTYY,RNSFDEQN,ALSEAIGMNTGFQKLV,SGHVS,FQNEAQ,ASSSYQSPYEQY,Negative Control 5,background_4814
TRDTTYY,RNSFDEQN,ALFTGTASKLT,SGHRS,YFSETQ,ASSQGTGFDQPQH,Negative Control 3,background_1729
TTLSN,LVKSGEV,FLLNDYKLS,MDHEN,SYDVKM,ASSFARVIGYT,Negative Control 5,background_4337
SSVSVY,YLSGSTLV,AVSDLDTGGFKTI,SEHNR,FQNEAQ,ASSYPYRLAQAGELF,Negative Control 10,background_12030
VSGNPY,YITGDNLV,AVSPVASKII,MNHEY,SMNVEV,ASSSGLAGSYEQY,Negative Control 3,background_1812
NSAFQY,TYSSGN,AMSPNTGFQKLV,MDHEN,SYDVKM,ASSFKDSTNEKLF,Negative Control 10,background_12261
DSASNY,IRSNVGE,AASPLYQGGKLI,SGHNT,YYREEE,ASSLGDERETQY,Negative Control 4,background_2480
VSGLRG,LYSAGEE,AVQTIYNQGGKLI,KGHSH,LQKENI,ASSPGVYFEQETQY,Negative Control 6,background_6302
VSPFSN,MTFSENT,VVSDNAGNMLT,LNHNV,YYDKDF,ATSRDRAGGGFYEQY,Negative Control 6,background_5959
NSASQS,VYSSG,VVNLANDYKLS,MNHNS,SASEGT,ASSEEAGYNEQF,Negative Control 7,background_7028
SSNFYA,MTLNGDE,AFQNYGGSQGNLI,SEHNR,FQNEAQ,ASSTVRTGGWNEQY,Negative Control 1,background_375
SSNFYA,MTLNGDE,AFEVDSNYQLI,SGHVS,FQNEAQ,ASSSLGEGGRSNEQY,Negative Control 9,background_10758
ATGYPS,ATKADDK,ALNLGGFQKLV,SEHNR,FQNEAQ,ASSQQQGYETGELF,Negative Control 1,background_598
DSAIYN,IQSSQRE,APTYYGNKLV,MNHEY,SVGAGI,ASRNRGTEAF,Negative Control 11,background_14673
TSGFYG,NALDGL,AVRADQTGANNLF,LGHDT,YNNKEL,ASSQDLSWTGGLTQY,Negative Control 12,background_15634
VSNAYN,GSKP,AVVHGGSQGNLI,MGHRA,YSYEKL,ASSQDGQGNQPQH,Negative Control 1,background_227
DSASNY,IRSNVGE,AASSTGNQFY,SGHVS,FQNEAQ,ASTWLEGVDTQY,Negative Control 7,background_6637
YSGSPE,HISR,AFEGSTFI,MNHNS,SASEGT,ASSGLDGGNQPQH,Negative Control 5,background_3715
SIFNT,LYKAGEL,AGQGQGGSEKLV,PRHDT,FYEKMQ,ASSFQKSYGYT,Negative Control 5,background_3925
TSDPSYG,QGSYDQQN,AMREGLFGLV,DFQATT,SNEGSKA,SATLAGGPKDTQY,Negative Control 2,background_671
DSASNY,IRSNVGE,AATLSGGYQKVT,SGHAT,FQNNGV,ASPGQGPISYNEQF,Negative Control 4,background_3478
DSAIYN,IQSSQRE,AVRLVDSNYQLI,SGHAT,FQNNGV,ASSYSLRTGELF,Negative Control 4,background_2879
TSDPSYG,QGSYDQQN,AMRADSSYKLI,SEHNR,FQNEAQ,ASSLEGEKLF,Negative Control 1,background_111
NSAFQY,TYSSGN,AMSFNQAGTALI,SGHAT,FQNNGV,ASRGTSGRFEQY,Negative Control 4,background_2613
VSGNPY,YITGDNLV,AVRRAGTASKLT,SGDLS,YYNGEE,ASSVESRGGGSGTGELF,Negative Control 6,background_5566
VSGNPY,YITGDNLV,AVRRDYSGGYQKVT,LNHDA,SQIVND,ASSYSAAGYT,Negative Control 8,background_10129
SVFSS,VVTGGEV,AGGGLGSSNTGKLI,LGHDT,YNNKEL,ASSQEWLRETQY,Negative Control 1,background_385
NIATNDY,GYKTK,LVGDDGDSSYKLI,SGHDY,FNNNVP,ASSLGDRALSTNEKLF,Negative Control 2,background_1082
NTAFDY,IRPDVSE,AASGSNYKLT,LGHDT,YNNKEL,ASSQDLGTFTDTQY,Negative Control 5,background_4828
ATGYPS,ATKADDK,APFHEDGNKLV,LNHDA,SQIVND,ASSIYSSTGELF,Negative Control 1,background_528
SSYSPS,YTSAATLV,VVSAPNDYKLS,SGHVS,FNYEAQ,ASSSGTASSSYEQY,Negative Control 1,background_452
TSESDYY,QEAYKQQN,AYRNPLKTSGSRLT,SGHRS,YFSETQ,ASSRTGLTDTQY,Negative Control 3,background_1732
DRGSQS,IYSNGD,AVIAYGAGFQKLV,SGHTA,FQGNSA,ASSDQGQGRHSPLH,Negative Control 7,background_7522
DRGSQS,IYSNGD,AGGTGTASKLT,DFQATT,SNEGSKA,SAEGQGSSYEQY,Negative Control 6,background_6476
YGGTVN,YFSGDPLV,AVNDNNFNKFY,MNHEY,SMNVEV,ASSLNRAEAF,Negative Control 6,background_5716
TSDPSYG,QGSYDQQN,AMREGYTGRRALT,SGHNT,YYREEE,ASSWATNSEQETQY,Negative Control 10,background_12092
KALYS,LLKGGEQ,GTETTSGTYKYI,LNHDA,SQIVND,ASSIGMTSDGEDYNEQF,Negative Control 5,background_3836
NSMFDY,ISSIKDK,AASEGDDKII,MNHEY,SVGAGI,ASSYGVPLAGGSQETQY,Negative Control 6,background_6143
NIATNDY,GYKTK,LVGDNFNKFY,SQVTM,ANQGSEA,SVDTDFNYGYT,Negative Control 5,background_3596
NIATNDY,GYKTK,LVVPFSGGYNKLI,SEHNR,FQNEAQ,ASSGTSVELGDTQY,Negative Control 11,background_14394
TSGFNG,NVLDGL,AVRDQNGANNLF,ENHRY,SYGVKD,AISVDRGLQPQH,Negative Control 7,background_7521
TRDTTYY,RNSFDEQN,ALRAMDSSYKLI,SQVTM,ANQGSEA,SVEEHGQGPTEAF,Negative Control 6,background_6440
NSASQS,VYSSG,VVNLNAGNNRKLI,SGHTA,FQGNSA,ASSFLVAKNIQY,Negative Control 11,background_13316
TSGFNG,NVLDGL,AVSNAGNMLT,MNHEY,SMNVEV,AARGDPTDTQY,Negative Control 1,background_394
TSINN,IRSNERE,ATDSLNTNAGKST,ENHRY,SYGVKD,AVAGSSYNEQF,Negative Control 7,background_8577
VSGNPY,YITGDNLV,AVRDIRYGGATNKLI,MNHEY,SVGEGT,ASGLWTSGALPNNEQF,Negative Control 11,background_14798
SSYSPS,YTSAATLV,VVPDNYGQNFV,KGHDR,SFDVKD,ATSEYGTKEQY,Negative Control 12,background_14940
TRDTTYY,RNSFDEQN,ALIRATDSWGKLQ,MNHEY,SVGAGI,ASSGLAGDSYNEQF,Negative Control 4,background_3477
ATGYPS,ATKADDK,ALTKDSGNTPLV,KGHDR,SFDVKD,ATSGFPGELF,Negative Control 9,background_10777
TSENNYY,QEAYKQQN,AFVNNAGNMLT,SGHVS,FNYEAQ,ATRDRLGEQY,Negative Control 1,background_232
TRDTTYY,RNSFDEQN,ALSEAGEETSGSRLT,DFQATT,SNEGSKA,SARDLAGAWVQETQY,Negative Control 2,background_1484
VSGNPY,YITGDNLV,AVSLLTSGGSYIPT,MNHNS,SASEGT,ASSEATAVGQETQY,Negative Control 6,background_6037
TTLSN,LVKSGEV,DPSYTGTASKLT,SGHDT,YYEEEE,ASSLAALSRNGYT,Negative Control 8,background_9383
TISGNEY,GLKNN,IVRVASNAGNMLT,SEHNR,FQNEAQ,ASSPWDGPGGYGYT,Negative Control 7,background_6955
TSESDYY,QEAYKQQN,AFGQGAQKLV,DFQATT,SNEGSKA,SARGGATPGELF,Negative Control 8,background_8920
TRDTTYY,RNSFDEQN,ALSELESWGKLQ,MNHNY,SVGAGI,ASMDSLTDYEQY,Negative Control 1,background_255
TSINN,IRSNERE,ATASDGGTSYGKLT,ENHRY,SYGVKD,AISEGLGDYYGYT,Negative Control 2,background_662
NSASQS,VYSSG,VVNKGGNTPLV,MNHNS,SASEGT,ASRDSSYNSPLH,Negative Control 2,background_796
ATGYPS,ATKADDK,ALSITGNQFY,MGHRA,YSYEKL,ASSQVRGGGSYEQY,Negative Control 7,background_7263
DRGSQS,IYSNGD,AVPHAGGTSYGKLT,MNHEY,SVGEGT,ASSSTGTYEQY,Negative Control 2,background_1110
SSVSVY,YLSGSTLV,AVSGLGDNQGGKLI,MNHEY,SVGEGT,ASSYGKGSYEQY,Negative Control 11,background_14398
DSSSTY,IFSNMDM,ASEGEGSYIPT,MNHEY,SMNVEV,ASSGHLPNTGELF,Negative Control 4,background_2196
DSAIYN,IQSSQRE,AVPYGGSQGNLI,SGHRS,YFSETQ,ASSLVSGGASGQF,Negative Control 7,background_8214
NSASQS,VYSSG,VVNLGVMEYGNKLV,MNHEY,SMNVEV,ASSSGLAGGRGSPNEQF,Negative Control 4,background_2323
NIATNDY,GYKTK,LVGYNYGQNFV,SNHLY,FYNNEI,ASSEAGGAGNTIY,Negative Control 11,background_14577
DSASNY,IRSNVGE,AASKWVDSSYKLI,MNHEY,SVGEGT,ASSYVLSVNTEAF,Negative Control 5,background_3640
SVFSS,VVTGGEV,AGDSGTYKYI,LGHNA,YSLEER,ASSQDRADLPQH,Negative Control 2,background_1322
SSVPPY,YTSAATLV,AVSDRSGGSYIPT,SGHDT,YYEEEE,ASSLWQGSSGYT,Negative Control 6,background_6306
NSAFQY,TYSSGN,AMSAYEDAR,MNHEY,SVGEGT,ASSYRAFYEQY,Negative Control 8,background_10432
VTNFRS,LTSSGIE,AGQGSQGNLI,SGHVS,FNYEAQ,ASGRQGAYNEQF,Negative Control 6,background_5870
SIFNT,LYKAGEL,AGQNYGQNFV,MRHNA,SNTAGT,ASRDRNTGELF,Negative Control 7,background_7322
SVFSS,VVTGGEV,AGRETGANNLF,MDHEN,SYDVKM,ASSPGQGGSPLH,Negative Control 12,background_15609
NTAFDY,IRPDVSE,AAPNYGGSQGNLI,MDHEN,SYDVKM,ASSLYSLGQPQH,Negative Control 6,background_5677
TSENNYY,QEAYKQQN,AFMETKTSYDKVI,LGHNT,FRNRAP,ASGLVLSGGYPLGQY,Negative Control 7,background_7611
YGGTVN,YFSGDPLV,AVNALSGGSYIPT,SGHVS,FNYEAQ,ASSLEGGHTDTQY,Negative Control 5,background_3894
NSAFQY,TYSSGN,AMSEDTGGFKTI,SGHDT,YYEEEE,ASSLFSDSDEKLF,Negative Control 8,background_9005
DRGSQS,IYSNGD,AVPHAGNMLT,SGHKS,YYEKEE,ASSLLPGGVASNYGYT,Negative Control 4,background_2198
ATGYPS,ATKADDK,ASKGGNQGGKLI,LGHNA,YSLEER,ASSRGGPDTYNEQF,Negative Control 9,background_10801
TSDPSYG,QGSYDQQN,AMREGLMDSNYQLI,SNHLY,FYNNEI,ASSLDRVNTGELF,Negative Control 7,background_6675
DRGSQS,IYSNGD,AVNGGDSGTYKYI,SGHNS,FNNNVP,ASTDRSSYEQY,Negative Control 3,background_1567
DSSSTY,IFSNMDM,AEVNFNKFY,MNHEY,SVGAGI,ASSPSGANVLT,Negative Control 2,background_1365
SSVPPY,YTSAATLV,AVGRGNQFY,SGHDY,FNNNVP,ASRRDRDRFLPGNTEAF,Negative Control 3,background_1747
NSASDY,IRSNMDK,AENRNSYKLI,LNHDA,SQIVND,ASRQQGSQTEAF,Negative Control 4,background_2752
VSGNPY,YITGDNLV,AVRDLYTDKLI,MNHEY,SVGEGT,ASSRLPLAGFKNIQY,Negative Control 2,background_1146
TRDTTYY,RNSFDEQN,ALVSGTYKYI,DFQATT,SNEGSKA,SARDFGLAGGPGNEQF,Negative Control 1,background_402
VSPFSN,MTFSENT,VVIPEDSGYALN,SGHDY,FNNNVP,ASSTRLAVTDTQY,Negative Control 8,background_9105
VSGLRG,LYSAGEE,AVQTSYNTDKLI,LGHDT,YNNKEL,ASSQDLELGETQY,Negative Control 2,background_682
TSINN,IRSNERE,ATEGDSGYSTLT,MNHEY,SVGAGI,ASSRQGGGEGYT,Negative Control 8,background_9131
YSGSPE,HISR,ALLYAGNMLT,DFQATT,SNEGSKA,SARDREDYLYEQY,Negative Control 2,background_1472
TTLSN,LVKSGEV,APNSGYSTLT,SGHVS,FNYEAQ,ASSLGPDASEQY,Negative Control 10,background_12952
DSVNN,IPSGT,AVVISDGQKLL,SGDLS,YYNGEE,ASSVSGSNTGELF,Negative Control 1,background_38
DRGSQS,IYSNGD,AVNDRDSNYQLI,SEHNR,FQNEAQ,ASSLDTSWVGETQY,Negative Control 7,background_7171
DSASNY,IRSNVGE,AASPGNNARLM,SGDLS,YYNGEE,ASSVVGQGGYGYT,Negative Control 4,background_2215
TISGNEY,GLKNN,IVREWIFSGGYNKLI,SNHLY,FYNNEI,ASSETDRINQPQH,Negative Control 6,background_5578
DSASNY,IRSNVGE,AALYNFNKFY,DFQATT,SNEGSKA,SASLITTEHYGYT,Negative Control 10,background_11915
YGGTVN,YFSGDPLV,AVKNPPNDYKLS,MNHNS,SASEGT,ASSEAVGVPNEKLF,Negative Control 10,background_12890
NIATNDY,GYKTK,LVEDSWGKLQ,SEHNR,FQNEAQ,ASRVTLAGNEQF,Negative Control 2,background_800
VSGNPY,YITGDNLV,AVSQLFFNAGKST,SGHNT,YYREEE,ASRGGGPSYNEQF,Negative Control 11,background_14162
TRDTTYY,RNSFDEQN,ALQIYGNNRLA,MNHEY,SVGEGT,ASSSPGHWNYGYT,Negative Control 12,background_15790
ATGYPS,ATKADDK,ALVLGTYKYI,SGHDY,FNNNVP,ASSLAYRGELF,Negative Control 11,background_13293
TRDTTYY,RNSFDEQN,ALHGSGNTGKLI,MDHEN,SYDVKM,ASSWTDGDYEQY,Negative Control 9,background_11404
TSINN,IRSNERE,AALDDYKLS,MNHEY,SVGEGT,ASSYTTFNEQF,Negative Control 2,background_1106
TSDPSYG,QGSYDQQN,AMREPSTDSWGKFQ,LGHNA,YSLEER,ASSQDSQLNQPQH,Negative Control 7,background_7021
NYSPAY,IRENEKE,ALGGPSGNTPLV,MRHNA,SNTAGT,ASSIYGSRGTDTQY,Negative Control 4,background_2782
TRDTTYY,RNSFDEQN,ALSERTGTASKLT,LNHDA,SQIVND,ASSIARATEAF,Negative Control 1,background_607
SVFSS,VVTGGEV,AGHPQVWGGSEKLV,SGHDT,YYEEEE,ASSFFLRGQGSGINYGYT,Negative Control 11,background_13468
NSAFQY,TYSSGN,AMRTGNQFY,MNHEY,SMNVEV,ASSVTGSPLH,Negative Control 4,background_3394
SIFNT,LYKAGEL,AGASGAGSYQLT,SGHVS,FNYEAQ,ASSSSPGTYEQY,Negative Control 3,background_1668
VSGLRG,LYSAGEE,AVHGGRRALT,DFQATT,SNEGSKA,SARGLADSYNEQF,Negative Control 6,background_6392
TSESDYY,QEAYKQQN,AYRSGGTGNQFY,SNHLY,FYNNEI,ASSVVFGQGVNTQY,Negative Control 5,background_3790
DSSSTY,IFSNMDM,AESQGNDYKLS,MRHNA,SNTAGT,ASSDRLDTGELF,Negative Control 4,background_2622
DRGSQS,IYSNGD,AVGRDYKLS,MNHEY,SVGAGI,ASKLGRGDGYT,Negative Control 6,background_5580
DSASNY,IRSNVGE,AANHPGGNTPLV,SGHRS,YFSETQ,ASALGGSSTDTQY,Negative Control 6,background_5311
TSGFNG,NVLDGL,AVRPRSVDSNYQLI,SEHNR,FQNEAQ,ASSSTGSNSYEQY,Negative Control 7,background_6765
SSVSVY,YLSGSTLV,AVSDQGGDTGKLI,GTSNPN,SVGIG,AWSLGDYGYT,Negative Control 3,background_1983
DRGSQS,IYSNGD,AVSNQGGKLI,SQVTM,ANQGSEA,SAPTRWLAGGQF,Negative Control 8,background_9533
SSVPPY,YTSAATLV,AVSTSFSDGQKLL,MDHEN,SYDVKM,ASNAGLSYNEQF,Negative Control 12,background_15649
SSVPPY,YTSAATLV,AVTPFRFSDGQKLL,MNHEY,SMNVEV,ASSRAAGGNTIY,Negative Control 7,background_6669
TSESDYY,QEAYKQQN,AYRPSLEYGNKLV,KGHSH,LQKENI,ASSPPIPRGRGAEAF,Negative Control 7,background_7724
TRDTTYY,RNSFDEQN,ALSDMSNYQLI,LNHNV,YYDKDF,ATSSTNSYEQY,Negative Control 7,background_7558
TRDTTYY,RNSFDEQN,ALSESEYSSASKII,SGHDT,YYEEEE,ASSFYRGRNEQF,Negative Control 4,background_2426
DSSSTY,IFSNMDM,AESSNSGNTPLV,SQVTM,ANQGSEA,SVESGQGALEQY,Negative Control 7,background_6905
DSASNY,IRSNVGE,AANGGATNKLI,SGHTA,FQGTGA,ASSLSGGSGDEQY,Negative Control 2,background_931
NSASQS,VYSSG,VVSGTNAGKST,SGHDY,FNNNVP,ASSPLAGGLYEQY,Negative Control 12,background_15153
DSAIYN,IQSSQRE,AVRRRRETGANNLF,SEHNR,FQNEAQ,ASSFPWNEKLF,Negative Control 4,background_2650
TSINN,IRSNERE,ATDGRNAGGTSYGKLT,LNHDA,SQIVND,ASSIVSGGNGYT,Negative Control 6,background_5723
TSGFNG,NVLDGL,AGLYSSASKII,MNHEY,SVGAGI,ASSPSGGGSPLH,Negative Control 7,background_7340
VSGNPY,YITGDNLV,AVRVSAYSGAGSYQLT,LNHDA,SQIVND,ASSIPRLNTEAF,Negative Control 12,background_15014
NSMFDY,ISSIKDK,AASGSGANSKLT,MGHRA,YSYEKL,ASRSREGLLGELF,Negative Control 5,background_4566
TSESDYY,QEAYKQQN,AYFQGAQKLV,MGHRA,YSYEKL,ASSQDPRSLGAPDTQY,Negative Control 8,background_8986
TSDPSYG,QGSYDQQN,AMREGTETSYDKVI,MNHEY,SMNVEV,ASSLRTSGDRDNEQF,Negative Control 2,background_1025
DSAIYN,IQSSQRE,AVPGTGTYKYI,MNHEY,SVGAGI,VTGGGYNEQF,Negative Control 5,background_4419
TISGTDY,GLTSN,ILVTSNAGGTSYGKLT,KGHDR,SFDVKD,ATSDRGFNQPQH,Negative Control 5,background_4727
TSGFYG,NALDGL,AVRVAGAGNNRKLI,SQVTM,ANQGSEA,SLQPQLSYGYT,Negative Control 12,background_15698
SIFNT,LYKAGEL,AGPLGTSGSRLT,DFQATT,SNEGSKA,SARGGQGGY,Negative Control 8,background_10646
NTAFDY,IRPDVSE,AAFRVYSSASKII,DFQATT,SNEGSKA,SARDVGRENTEAF,Negative Control 6,background_5617
SSYSPS,YTSAATLV,VVTIGFGNVLH,SGHVS,FQNEAQ,ASRGISSTEAF,Negative Control 1,background_153
TSGFNG,NVLDGL,AGIYGQNFV,WNHNN,SYGVQD,ASSDLAQAGSSTDTQY,Negative Control 1,background_570
NSASQS,VYSSG,VVNRANNAGNMLT,MGHRA,YSYEKL,ASSQGAGTGGGYT,Negative Control 11,background_13493
TSDPSYG,QGSYDQQN,AMRGPQAGTALI,GTSNPN,SVGIG,AWSVGTGVHAQY,Negative Control 9,background_10870
TSGFNG,NVLDGL,AVRESKRNDYKLS,SNHLY,FYNNEI,ASSTIGQGFYGNTIY,Negative Control 2,background_1448
VGISA,LSSGK,APLIISNFGNEKLT,LNHDA,SQIVND,ASSIGRGGSSYNEQF,Negative Control 12,background_15358
DRGSQS,IYSNGD,AVNEEYGNKLV,SGHDY,FNNNVP,ASSLGPAGYGYT,Negative Control 2,background_1249
NIATNDY,GYKTK,LVGDEVSGYSTLT,KGHDR,SFDVKD,ATRGGTDTQY,Negative Control 5,background_4389
NSAFQY,TYSSGN,RGAGTASKLT,GTSNPN,SVGIG,AWSAKQGARGTDTQY,Negative Control 1,background_179
DSASNY,IRSNVGE,APYGASKII,SGHDY,FNNNVP,ASSLGLRGQPQH,Negative Control 3,background_1920
TSGFNG,NVLDGL,AVGATDSWGKLQ,LNHDA,SQIVND,ASSIGGQYYGYT,Negative Control 5,background_3617
NSMFDY,ISSIKDK,FAASGGSYIPT,DFQATT,SNEGSKA,SAIDRGRTEAF,Negative Control 5,background_4209
TSINN,IRSNERE,ATDRTSGTYKYI,SQVTM,ANQGSEA,SVVGTRPPSANTGELF,Negative Control 5,background_3594
TRDTTYY,RNSFDEQN,ALSQSPQAGTALI,MNHEY,SVGEGT,ATVLDSEAF,Negative Control 4,background_2767
VSGNPY,YITGDNLV,AVRDRRTGGFKTI,SGHVS,FNYEAQ,ASSSDSGRSGTEAF,Negative Control 6,background_6456
ATGYPS,ATKADDK,ALPDTGGFKTI,LGHNA,YSLEER,ASSRTGDYEQY,Negative Control 4,background_2500
TISGNEY,GLKNN,IVQVPSWSFGNVLH,LGHNA,YSLEER,ASSQDRIGNTIY,Negative Control 2,background_1179
NSASQS,VYSSG,VVKTTSGTYKYI,SGHKS,YYEKEE,ASSLRGWGTGELF,Negative Control 6,background_6395
NSASQS,VYSSG,VVNTNRDDKII,SGHRS,YFSETQ,ASSSVPNQPQH,Negative Control 5,background_4869
SIFNT,LYKAGEL,AGRPWDTGTASKLT,LNHDA,SQIVND,ASTFGGYGYT,Negative Control 6,background_6222
SSYSPS,YTSAATLV,VVTMEYGNKLV,SGHVS,FNYEAQ,ASSSPLSDGGPEAF,Negative Control 6,background_6489
TRDTTYY,RNSFDEQN,ALSGGDSWGKFQ,MNHEY,SVGAGI,ASSYGKNTGELF,Negative Control 11,background_14454
DRGSQS,IYSNGD,AVKRSNDYKLS,SGHTA,FQGNSA,ASSLIPGQTFSSYDEQF,Negative Control 5,background_3944
NSASDY,IRSNMDK,AENRSGGSYIPT,SGHDN,FVKESK,ASSRAGGAGELF,Negative Control 5,background_4371
TSGFNG,NVLDGL,AVWGPGAGKST,MDHEN,SYDVKM,ASSLWGPVGVNTEAF,Negative Control 7,background_7894
TSGFNG,NVLDGL,AVSDYGQNFV,MDHEN,SYDVKM,VTRAVVGNQPQH,Negative Control 8,background_10249
TSDPSYG,QGSYDQQN,AMNRDNTDKLI,SQVTM,ANQGSEA,SVGGGQDRAYGYT,Negative Control 10,background_12354
DRGSQS,IYSNGD,AVNELTDKLI,DFQATT,SNEGSKA,SARDTLLARSNQPQH,Negative Control 12,background_15726
ATGYPS,ATKADDK,ALSDQWGTTDSWGKLQ,DFQATT,SNEGSKA,SARDLQGVSLKLF,Negative Control 1,background_166
VGISA,LSSGK,AVSLAGSARQLT,MNHNS,SASEGT,ASSRWGKAF,Negative Control 8,background_10582
KALYS,LLKGGEQ,GTDSNNNDMR,MNHEY,SMNVEV,ASTDSFGRHGYT,Negative Control 8,background_8853
DSASNY,IRSNVGE,AATSANQAGTALI,SGHVS,FNYEAQ,ASSLPGSGNTIY,Negative Control 2,background_933
TSESDYY,QEAYKQQN,AYTGGTSYGKLT,SGHDN,FVKESK,ASSPAQPGTSGSHEQF,Negative Control 11,background_14789
VSGLRG,LYSAGEE,AVRPLGGGSQGNLI,LGHNT,FRNRAP,ASGPKPDPRGNTIY,Negative Control 3,background_1978
NSASDY,IRSNMDK,AETRPYGQNFV,MNHEY,SMNVEV,ASSPRQYSGRAHEQF,Negative Control 9,background_11201
TISGTDY,GLTSN,ILRSPPYSGAGSYQLT,LGHNA,YSLEER,ASSQDLAGPSQLYSGNTIY,Negative Control 9,background_11481
NSMFDY,ISSIKDK,AASLYNFNKFY,MNHEY,SVGAGI,ASSPRAGEKDAEAF,Negative Control 3,background_1689
NTAFDY,IRPDVSE,AASGWNTDKLI,SNHLY,FYNNEI,ATTGTKQETQY,Negative Control 10,background_12089
VSPFSN,MTFSENT,VVSDEGNYQLI,LGHNA,YSLEER,ASSQDSPRSNEQF,Negative Control 3,background_1937
TSINN,IRSNERE,ATVGTSYDKVI,ENHRY,SYGVKD,AISESNAGTGAEKLF,Negative Control 12,background_15549
YGATPY,YFSGDTLV,AVGDNWGSYIPT,SGDLS,YYNGEE,ASSGDSSGANVLT,Negative Control 6,background_5622
DSAIYN,IQSSQRE,AVRAGHSGGYQKVT,SGHRS,YFSETQ,ASSLSPGSSYNEQF,Negative Control 2,background_1067
TSDPSYG,QGSYDQQN,ARGGGTSYGKLT,LGHDT,YNNKEL,ASSHITGTGFSPLH,Negative Control 2,background_1327
KALYS,LLKGGEQ,GTDSNAGGTSYGKLT,LGHNA,YNFKEQ,ASSQEISTGILGTEAF,Negative Control 6,background_5097
TSGFNG,NVLDGL,AVPMDSNYQLI,MNHNS,SASEGT,ASSEKRGVGNQPQH,Negative Control 8,background_8724
DRGSQS,IYSNGD,AVTHPTTSGTYKYI,MNHNS,SASEGT,ASSDWTGPYGYT,Negative Control 3,background_2092
NSASDY,IRSNMDK,AENAAGRRALT,MNHEY,SMNVEV,ASRSGGAEAF,Negative Control 1,background_283
TRDTTYY,RNSFDEQN,ALSVVGGATNKLI,LNHNV,YYDKDF,ATSQDRANTEAF,Negative Control 5,background_3837
VGISA,LSSGK,AVAGGTSYGKLT,SQVTM,ANQGSEA,SVLGLEALLGLSYNEQF,Negative Control 2,background_1122
VSGNPY,YITGDNLV,AVRPPSGGYNKLI,DFQATT,SNEGSKA,SARDGTSGSILDEQY,Negative Control 1,background_138
DSVNN,IPSGT,AVTESNYQLI,PRHDT,FYEKMQ,ASSYGVGSEAF,Negative Control 6,background_5222
NSASQS,VYSSG,VVTRMGGGGNKLT,SGHDY,FNNNVP,ASTRDSGYEQY,Negative Control 3,background_1552
YGGTVN,YFSGDPLV,AVNEVGGYSTLT,SEHNR,FQNEAQ,ASSLAGRGPMNTEAF,Negative Control 12,background_15675
DSSSTY,IFSNMDM,AAVRDQTGANNLF,PRHDT,FYEKMQ,ASRGTSGHNEQF,Negative Control 2,background_1331
TTSDR,LLSNGAV,AVTSGTYKYI,MNHEY,SVGEGT,ASTLVLRGDTEAF,Negative Control 3,background_1875
TSINN,IRSNERE,ATEAYSGAGSYQLT,DFQATT,SNEGSKA,SARDAVRYNEQF,Negative Control 1,background_241
NIATNDY,GYKTK,LVGDRAFSGGYNKLI,LNHDA,SQIVND,ASSRRGLTSSTDTQY,Negative Control 5,background_3767
YGATPY,YFSGDTLV,AGGMNTGFQKLV,MDHEN,SYDVKM,ATLDGSSYEQY,Negative Control 5,background_3586
TISGTDY,GLTSN,ILSAVNYGQNFV,SGHAT,FQDESV,ASSAGQGGHTEAF,Negative Control 9,background_11537
TISGTDY,GLTSN,ILNSGGSQGNLI,DFQATT,SNEGSKA,SARAYWDFQETQY,Negative Control 7,background_6673
TSINN,IRSNERE,ATAQYNFNKFY,MNHEY,SVGEGT,ASSYLGPWRRTDTQY,Negative Control 6,background_6376
VGISA,LSSGK,AGPLIIQGAQKLV,MNHEY,SMNVEV,ASRGLPAEQY,Negative Control 8,background_8956
DSAIYN,IQSSQRE,AVRYGANNLF,DFQATT,SNEGSKA,SARGFRDSAYEQY,Negative Control 2,background_740
DRGSQS,IYSNGD,ASEGGRGRRALT,MDHEN,SYDVKM,ASSDTGGPETQY,Negative Control 12,background_15373
TISGTDY,GLTSN,IQDAGNMLT,MDHEN,SYDVKM,ASSPPFTGVYNEQF,Negative Control 8,background_10468
SSVPPY,YTSAATLV,AVRGYGGSQGNLI,DFQATT,SNEGSKA,SASPTASSGANVLT,Negative Control 9,background_11483
DSASNY,IRSNVGE,AASHYLMKTSYDKVI,SGDLS,YYNGEE,ASSGADATGVSGEQF,Negative Control 2,background_921
ATGYPS,ATKADDK,ALSDQGGSEKLV,LNHNV,YYDKDF,ATSRDLGTVIFDTQY,Negative Control 7,background_7483
TSDPSYG,QGSYDQQN,AKKGGNKLT,DFQATT,SNEGSKA,SARDHRGLEDYGYT,Negative Control 2,background_1460
NSASQS,VYSSG,VVFWEYGNKLV,SQVTM,ANQGSEA,SVEDPGTAQETQY,Negative Control 2,background_991
VSGNPY,YITGDNLV,AVRDFWAGGGNKLT,MNHEY,SVGEGT,ASSYSTHAGELF,Negative Control 3,background_2040
VSGNPY,YITGDNLV,AVRSVLGAGNNRKLI,MNHEY,SMNVEV,ASSPRDRSPLEQY,Negative Control 1,background_322
SSYSTF,SSENQE,ALMTSGTYKYI,LNHDA,SQIVND,ASSPRDRSTSYEQY,Negative Control 2,background_1120
VSNAYN,GSKP,AVEPGLV,MGHRA,YSYEKL,ASSREAPGNNEQF,Negative Control 10,background_12112
TSINN,IRSNERE,ATLTMDSSYKLI,MGHRA,YSYEKL,ASSPTDRPGNTIY,Negative Control 5,background_3781
TISGTDY,GLTSN,ILRDPWAGGTSYGKLT,SGHNT,YENEEA,ASSLSEGQTNEQF,Negative Control 8,background_10122
DSSSTY,IFSNMDM,AETPYSSASKII,SGHRS,YFSETQ,ASSVGQGTLLNTEAF,Negative Control 10,background_12188
VSGNPY,YITGDNLV,AARGGYNKLI,SQVTM,ANQGSEA,SVEPSLSSYNEQF,Negative Control 1,background_50
TSINN,IRSNERE,ATDFYLDAGKST,SGHDY,FNNNVP,ASSLSVGGTEAF,Negative Control 5,background_3638
VSNAYN,GSKP,AVEGTLGVGFGNVLH,SNHLY,FYNNEI,ASSHRDSFYEQY,Negative Control 8,background_8830
TSGFNG,NVLDGL,AVVNAGNNRKLI,LNHDA,SQIVND,ASSIDTLNRDRDTEAF,Negative Control 1,background_85
DSAIYN,IQSSQRE,AVANTNAGKST,SGHDT,YYEEEE,ASSLGTGAYEQY,Negative Control 4,background_2346
NSASQS,VYSSG,VFSGGYQKVT,SEHNR,FQNEAQ,ASSLGGMGMDTEAF,Negative Control 6,background_5511
DRGSQS,IYSNGD,AVNLESNYQLI,LGHNA,YNFKEQ,ASSQRRGNNEQF,Negative Control 5,background_4447
NSASQS,VYSSG,VTGSGNTGKLI,SNHLY,FYNNEI,AGFGAGGPTNEQF,Negative Control 4,background_2168
DRGSQS,IYSNGD,AVNPGFQKLV,SGDLS,YYNGEE,ASSEDRGLEEKLF,Negative Control 5,background_4310
YGATPY,YFSGDTLV,AVGRNSGNTPLV,LGHDT,YNNKEL,ASSQDRGLPGYT,Negative Control 8,background_10670
TSDPSYG,QGSYDQQN,AMSFFQKLV,MNHEY,SMNVEV,ASSLRLTGAAAQY,Negative Control 8,background_10299
DSASNY,IRSNVGE,AASRYGQNFV,SGHVS,FQNEAQ,ASSSLNRDRGLGTNEKLF,Negative Control 5,background_4815
NSASQS,VYSSG,VVGLVGSQGNLI,MNHEY,SVGEGT,ASSYTSGGSYEQY,Negative Control 10,background_12319
TRDTTYY,RNSFDEQN,ALSVSTGNQFY,SEHNR,FQNEAQ,ASSSPLISGNTIY,Negative Control 4,background_2665
YSGSPE,HISR,ALSPQGQGGSEKLV,SGDLS,YYNGEE,ASSFGDIYTQY,Negative Control 6,background_5415
TISGTDY,GLTSN,NKFY,PRHDT,FYEKMQ,ASSLFGTGDYEQY,Negative Control 4,background_3145
VSPFSN,MTFSENT,VVSHYTGGFKTI,MNHEY,SVGEGT,ASSYSSASAYEQY,Negative Control 9,background_10901
TSINN,IRSNERE,ATDAGKFY,LGHNA,YNFKEQ,ASSQDNGYT,Negative Control 4,background_2298
TTLSN,LVKSGEV,AGGQFY,DFQATT,SNEGSKA,SATSWGAQRGPETNEKLF,Negative Control 6,background_5800
YGATPY,YFSGDTLV,AAWGNRDDKII,ENHRY,SYGVKD,AITAGGFYGYT,Negative Control 10,background_12307
DRGSQS,IYSNGD,AVHASYGNNRLA,SGHNT,YYREEE,ASSDSLAGGPDEQY,Negative Control 9,background_11056
NSMFDY,ISSIKDK,AASAPRDSSYKLI,LNHNV,YYDKDF,ATSGSGQYSGANVLT,Negative Control 8,background_8713
TTLSN,LVKSGEV,AGQGEYGNKLV,MNHEY,SMNVEV,ASSPWDREGGYT,Negative Control 2,background_1366
